-- phpMyAdmin SQL Dump
-- version 4.9.1
-- https://www.phpmyadmin.net/
--
-- Host: 127.0.0.1
-- Waktu pembuatan: 03 Jan 2021 pada 06.30
-- Versi server: 10.4.8-MariaDB
-- Versi PHP: 7.3.10

SET SQL_MODE = "NO_AUTO_VALUE_ON_ZERO";
SET AUTOCOMMIT = 0;
START TRANSACTION;
SET time_zone = "+00:00";


/*!40101 SET @OLD_CHARACTER_SET_CLIENT=@@CHARACTER_SET_CLIENT */;
/*!40101 SET @OLD_CHARACTER_SET_RESULTS=@@CHARACTER_SET_RESULTS */;
/*!40101 SET @OLD_COLLATION_CONNECTION=@@COLLATION_CONNECTION */;
/*!40101 SET NAMES utf8mb4 */;

--
-- Database: `db_sisds`
--

-- --------------------------------------------------------

--
-- Struktur dari tabel `auths`
--

CREATE TABLE `auths` (
  `id_auth` varchar(10) COLLATE utf8mb4_unicode_ci NOT NULL,
  `username` varchar(20) COLLATE utf8mb4_unicode_ci NOT NULL,
  `password` text COLLATE utf8mb4_unicode_ci NOT NULL,
  `hak_akses` enum('mahasiswa','dosen','prodi','lppm') COLLATE utf8mb4_unicode_ci NOT NULL,
  `created_at` timestamp NULL DEFAULT NULL,
  `updated_at` timestamp NULL DEFAULT NULL
) ENGINE=InnoDB DEFAULT CHARSET=utf8mb4 COLLATE=utf8mb4_unicode_ci;

--
-- Dumping data untuk tabel `auths`
--

INSERT INTO `auths` (`id_auth`, `username`, `password`, `hak_akses`, `created_at`, `updated_at`) VALUES
('A010121WRI', '1111111111', '$2y$10$9JRLO4Ot/sLotYwei1wd4.0fcfDP3E.eSzk7cnO0GWpd2notd8lem', 'lppm', '2021-01-01 04:25:10', NULL),
('A131120jPo', 'm.agre', '$2y$10$P.TMZQOtoaD4Brd6DfY0Uerpa40HXqOShzoe.GbhdAC.Iu7OhcCU.', 'lppm', '2020-11-13 02:18:40', '2020-12-27 06:57:47'),
('A3012201kG', 'A2.1700076', '$2y$10$R1tcasCqu1w5acEnUmF2PuPveKIWvOMQsBpLvv1RpbUY02X65Ob.W', 'mahasiswa', '2020-12-30 04:03:22', NULL),
('A301220cxJ', '0428068801', '$2y$10$t/wLSJSEFpruV1MCivHMLetmrQqL19kiX6W0xn3vaOPlYxt61F166', 'dosen', '2020-12-30 04:09:34', NULL),
('A301220dTT', '0017067902', '$2y$10$jdg1DOTTjH8l8tfsNPmQuOOuH852zKPC4s5IsGgM7JDH.1bQvwAqa', 'dosen', '2020-12-30 04:10:54', NULL),
('A301220ETf', 'A2.1700069', '$2y$10$/EgoZh1UX4zumfv1xxwvUeb1huKNtrL4Biyjtg.yrwvvFmhPLD/De', 'mahasiswa', '2020-12-30 09:32:45', '2021-01-01 04:01:40'),
('A301220kBz', 'A1.1800004', '$2y$10$q0mxNIQM65rAXqPIBnoSZuzCV8l/kTEjbRljs0NDMAIS1eftH2MYC', 'mahasiswa', '2020-12-30 04:04:31', NULL),
('A301220KHU', '0430048901', '$2y$10$dRH16zzsYdThSObTeWHDGuUe3wdb9PUBQPPapDXBGuST61ecaunDW', 'prodi', '2020-12-30 04:17:40', NULL),
('A301220OcQ', '0430067701', '$2y$10$Fi9VD.DBEbIl17pm55p.4.uR30KnelEUYloWNSKmxRA/ZpXdP1omW', 'dosen', '2020-12-30 04:13:33', NULL),
('A301220OLP', 'A3.1700033', '$2y$10$Hq4/lwi2qCnFNKBgrxKjBuwSR9wVeibeYr/u6bHRkALo9pPF2sU5m', 'mahasiswa', '2020-12-30 04:06:20', NULL),
('A301220Trd', '0428058704', '$2y$10$GOgoqZ1UFJLyy9ZwcsXvvO8kHQEEST4Oc/w9Zf9rrzI8bk.Jbxo/K', 'prodi', '2020-12-30 04:16:26', NULL),
('A301220TVF', 'A2.1700135', '$2y$10$aJEKXHqkiqQYInNMu0XxPO93DM4M1oVoJuTxu0PIcvzH39h01NCMm', 'mahasiswa', '2020-12-30 09:37:14', NULL),
('A301220VzR', '0430048901', '$2y$10$1Y.bWo0W31ku.yCUeiAvWuDgX.VO5OaAWGrhRnZbAcYFYW8z7nibC', 'prodi', '2020-12-30 04:15:11', NULL);

-- --------------------------------------------------------

--
-- Struktur dari tabel `departments`
--

CREATE TABLE `departments` (
  `id_prodi` bigint(20) UNSIGNED NOT NULL,
  `id_auth` varchar(10) COLLATE utf8mb4_unicode_ci NOT NULL,
  `nidn` varchar(10) COLLATE utf8mb4_unicode_ci NOT NULL,
  `nama` varchar(30) COLLATE utf8mb4_unicode_ci NOT NULL,
  `no_hp` varchar(15) COLLATE utf8mb4_unicode_ci NOT NULL,
  `email` text COLLATE utf8mb4_unicode_ci NOT NULL,
  `alamat` text COLLATE utf8mb4_unicode_ci NOT NULL,
  `jurusan` enum('Teknik Informatika','Sistem Informasi','Manajemen Informatika','') COLLATE utf8mb4_unicode_ci NOT NULL,
  `created_at` timestamp NULL DEFAULT NULL,
  `updated_at` timestamp NULL DEFAULT NULL
) ENGINE=InnoDB DEFAULT CHARSET=utf8mb4 COLLATE=utf8mb4_unicode_ci;

--
-- Dumping data untuk tabel `departments`
--

INSERT INTO `departments` (`id_prodi`, `id_auth`, `nidn`, `nama`, `no_hp`, `email`, `alamat`, `jurusan`, `created_at`, `updated_at`) VALUES
(22, 'A301220VzR', '0430048901', 'Fathoni Mahardika, M.T', '0932849237', 'fathoni@gmail.com', 'Sumedang', 'Sistem Informasi', '2020-12-30 04:15:10', NULL),
(23, 'A301220Trd', '0428058704', 'Fidi Supriadi, M.T.', '09382432747', 'fidi@gmail.com', 'Sumedang', 'Teknik Informatika', '2020-12-30 04:16:26', NULL),
(24, 'A301220KHU', '0430048901', 'Fathoni Mahardika, M.T', '083290838', 'fathoni@gmail.com', 'Sumedang', 'Manajemen Informatika', '2020-12-30 04:17:40', NULL);

--
-- Trigger `departments`
--
DELIMITER $$
CREATE TRIGGER `delete_auths` AFTER DELETE ON `departments` FOR EACH ROW DELETE FROM auths WHERE id_auth = OLD.id_auth
$$
DELIMITER ;

-- --------------------------------------------------------

--
-- Struktur dari tabel `failed_jobs`
--

CREATE TABLE `failed_jobs` (
  `id` bigint(20) UNSIGNED NOT NULL,
  `connection` text COLLATE utf8mb4_unicode_ci NOT NULL,
  `queue` text COLLATE utf8mb4_unicode_ci NOT NULL,
  `payload` longtext COLLATE utf8mb4_unicode_ci NOT NULL,
  `exception` longtext COLLATE utf8mb4_unicode_ci NOT NULL,
  `failed_at` timestamp NOT NULL DEFAULT current_timestamp()
) ENGINE=InnoDB DEFAULT CHARSET=utf8mb4 COLLATE=utf8mb4_unicode_ci;

-- --------------------------------------------------------

--
-- Struktur dari tabel `grades`
--

CREATE TABLE `grades` (
  `id_nilai` varchar(10) COLLATE utf8mb4_unicode_ci NOT NULL,
  `nim` varchar(10) COLLATE utf8mb4_unicode_ci NOT NULL,
  `nilai_pengajuan` double DEFAULT NULL,
  `nilai_bimbingan` double DEFAULT NULL,
  `nilai_sidang` double DEFAULT NULL,
  `created_at` timestamp NULL DEFAULT NULL,
  `updated_at` timestamp NULL DEFAULT NULL
) ENGINE=InnoDB DEFAULT CHARSET=utf8mb4 COLLATE=utf8mb4_unicode_ci;

--
-- Dumping data untuk tabel `grades`
--

INSERT INTO `grades` (`id_nilai`, `nim`, `nilai_pengajuan`, `nilai_bimbingan`, `nilai_sidang`, `created_at`, `updated_at`) VALUES
('NI3012209o', 'A2.1700076', 100, 90, 90, '2020-12-30 04:23:04', '2020-12-30 04:51:03');

-- --------------------------------------------------------

--
-- Struktur dari tabel `groups`
--

CREATE TABLE `groups` (
  `id_grup` bigint(20) NOT NULL,
  `nama_grup` varchar(255) COLLATE utf8mb4_unicode_ci NOT NULL,
  `tahun` varchar(255) COLLATE utf8mb4_unicode_ci NOT NULL,
  `created_at` timestamp NULL DEFAULT NULL,
  `updated_at` timestamp NULL DEFAULT NULL
) ENGINE=InnoDB DEFAULT CHARSET=utf8mb4 COLLATE=utf8mb4_unicode_ci;

--
-- Dumping data untuk tabel `groups`
--

INSERT INTO `groups` (`id_grup`, `nama_grup`, `tahun`, `created_at`, `updated_at`) VALUES
(24, 'Kelompok 1', '2021', '2020-12-30 04:24:41', NULL);

-- --------------------------------------------------------

--
-- Struktur dari tabel `guidances`
--

CREATE TABLE `guidances` (
  `id_bimbingan` varchar(10) COLLATE utf8mb4_unicode_ci NOT NULL,
  `nim` varchar(10) COLLATE utf8mb4_unicode_ci NOT NULL,
  `nama_bab` varchar(30) COLLATE utf8mb4_unicode_ci NOT NULL,
  `file_bab` text COLLATE utf8mb4_unicode_ci NOT NULL,
  `keterangan` text COLLATE utf8mb4_unicode_ci NOT NULL,
  `tanggal` date NOT NULL,
  `status_1` enum('proses','terima','revisi') COLLATE utf8mb4_unicode_ci NOT NULL,
  `status_2` enum('proses','terima','revisi') COLLATE utf8mb4_unicode_ci NOT NULL,
  `created_at` timestamp NULL DEFAULT NULL,
  `updated_at` timestamp NULL DEFAULT NULL
) ENGINE=InnoDB DEFAULT CHARSET=utf8mb4 COLLATE=utf8mb4_unicode_ci;

-- --------------------------------------------------------

--
-- Struktur dari tabel `institutions`
--

CREATE TABLE `institutions` (
  `id_lppm` bigint(20) UNSIGNED NOT NULL,
  `id_auth` varchar(10) COLLATE utf8mb4_unicode_ci NOT NULL,
  `nidn` varchar(10) COLLATE utf8mb4_unicode_ci NOT NULL,
  `nama` varchar(30) COLLATE utf8mb4_unicode_ci NOT NULL,
  `no_hp` varchar(15) COLLATE utf8mb4_unicode_ci NOT NULL,
  `email` text COLLATE utf8mb4_unicode_ci DEFAULT NULL,
  `alamat` text COLLATE utf8mb4_unicode_ci DEFAULT NULL,
  `created_at` timestamp NULL DEFAULT NULL,
  `updated_at` timestamp NULL DEFAULT NULL
) ENGINE=InnoDB DEFAULT CHARSET=utf8mb4 COLLATE=utf8mb4_unicode_ci;

--
-- Dumping data untuk tabel `institutions`
--

INSERT INTO `institutions` (`id_lppm`, `id_auth`, `nidn`, `nama`, `no_hp`, `email`, `alamat`, `created_at`, `updated_at`) VALUES
(7, 'A131120jPo', '0420108603', 'M Agreindra H, M.T', '082120003945', 'agree@stmik-sumedang.ac.id', 'Sumedang', '2020-11-13 02:18:40', '2020-12-30 03:56:03'),
(9, 'A010121WRI', '1111111111', 'Admin', '082120003945', 'admin_sisds@gmail.com', 'Sumedang', '2021-01-01 04:25:10', NULL);

--
-- Trigger `institutions`
--
DELIMITER $$
CREATE TRIGGER `delete_auths2` AFTER DELETE ON `institutions` FOR EACH ROW DELETE FROM auths WHERE id_auth = OLD.id_auth
$$
DELIMITER ;

-- --------------------------------------------------------

--
-- Struktur dari tabel `lecturers`
--

CREATE TABLE `lecturers` (
  `nidn` varchar(10) COLLATE utf8mb4_unicode_ci NOT NULL,
  `id_auth` varchar(10) COLLATE utf8mb4_unicode_ci DEFAULT NULL,
  `id_grup` int(11) DEFAULT NULL,
  `id_jadwal` varchar(10) COLLATE utf8mb4_unicode_ci DEFAULT NULL,
  `nama` varchar(30) COLLATE utf8mb4_unicode_ci NOT NULL,
  `alamat` text COLLATE utf8mb4_unicode_ci NOT NULL,
  `no_hp` varchar(15) COLLATE utf8mb4_unicode_ci NOT NULL,
  `email` text COLLATE utf8mb4_unicode_ci NOT NULL,
  `pembimbing` enum('Ya','Tidak') COLLATE utf8mb4_unicode_ci NOT NULL,
  `penguji` enum('Ya','Tidak') COLLATE utf8mb4_unicode_ci NOT NULL,
  `created_at` timestamp NULL DEFAULT NULL,
  `updated_at` timestamp NULL DEFAULT NULL
) ENGINE=InnoDB DEFAULT CHARSET=utf8mb4 COLLATE=utf8mb4_unicode_ci;

--
-- Dumping data untuk tabel `lecturers`
--

INSERT INTO `lecturers` (`nidn`, `id_auth`, `id_grup`, `id_jadwal`, `nama`, `alamat`, `no_hp`, `email`, `pembimbing`, `penguji`, `created_at`, `updated_at`) VALUES
('0017067902', 'A301220dTT', 24, 'JL301220td', 'Dody Herdiana, S.T., M.Kom.', 'Sumedang', '0992873827', 'dody@gmail.com', 'Ya', 'Ya', '2020-12-30 04:10:54', '2020-12-30 04:44:53'),
('0428068801', 'A301220cxJ', NULL, NULL, 'Irfan Fadil, M.Kom.', 'Sumedang', '0938294836', 'irfanfadil@gmail.com', 'Tidak', 'Tidak', '2020-12-30 04:09:34', NULL),
('0430067701', 'A301220OcQ', 24, 'JL301220td', 'Dwi Yuniarto,S.Sos.,M.Kom.', 'Sumedang', '09893284723', 'dwi@gmail.com', 'Ya', 'Ya', '2020-12-30 04:13:32', '2020-12-30 04:45:04');

--
-- Trigger `lecturers`
--
DELIMITER $$
CREATE TRIGGER `delete_auths4` AFTER DELETE ON `lecturers` FOR EACH ROW DELETE FROM auths WHERE id_auth = OLD.id_auth
$$
DELIMITER ;

-- --------------------------------------------------------

--
-- Struktur dari tabel `migrations`
--

CREATE TABLE `migrations` (
  `id` int(10) UNSIGNED NOT NULL,
  `migration` varchar(255) COLLATE utf8mb4_unicode_ci NOT NULL,
  `batch` int(11) NOT NULL
) ENGINE=InnoDB DEFAULT CHARSET=utf8mb4 COLLATE=utf8mb4_unicode_ci;

--
-- Dumping data untuk tabel `migrations`
--

INSERT INTO `migrations` (`id`, `migration`, `batch`) VALUES
(1, '2014_10_12_000000_create_users_table', 1),
(2, '2014_10_12_100000_create_password_resets_table', 1),
(3, '2019_08_19_000000_create_failed_jobs_table', 1),
(4, '2020_10_26_045908_create_students_table', 2),
(5, '2020_10_29_032107_create_groups_table', 3),
(6, '2020_10_29_034251_create_auths_table', 4),
(7, '2020_11_02_014520_create_auths_table', 5),
(8, '2020_11_02_022220_create_departments_table', 6),
(9, '2020_11_03_042121_create_institutions_table', 7),
(10, '2020_11_04_071354_create_students_table', 8),
(11, '2020_11_06_024223_create_lecturers_table', 9),
(12, '2020_11_23_142514_create_submissions_proposal_table', 10),
(13, '2020_11_29_154407_create_guidances_table', 11),
(14, '2020_12_03_085222_create_grades_table', 12),
(15, '2020_12_06_151933_create_revisons_table', 13),
(16, '2020_12_20_111449_create_pascasidang_table', 14),
(17, '2020_12_25_141228_create_pascasidang_table', 15),
(18, '2020_12_29_083408_create_program_study_table', 16);

-- --------------------------------------------------------

--
-- Struktur dari tabel `notices`
--

CREATE TABLE `notices` (
  `id_pengumuman` bigint(20) UNSIGNED NOT NULL,
  `tanggal` date NOT NULL,
  `judul` varchar(50) NOT NULL,
  `isi` text NOT NULL,
  `created_at` timestamp NULL DEFAULT NULL,
  `updated_at` timestamp NULL DEFAULT NULL
) ENGINE=InnoDB DEFAULT CHARSET=utf8mb4;

--
-- Dumping data untuk tabel `notices`
--

INSERT INTO `notices` (`id_pengumuman`, `tanggal`, `judul`, `isi`, `created_at`, `updated_at`) VALUES
(1, '2020-12-26', 'Pembelian Alat Project RFID Absensi', 'yuhu', '2020-12-26 08:33:42', NULL);

-- --------------------------------------------------------

--
-- Struktur dari tabel `pascasidang`
--

CREATE TABLE `pascasidang` (
  `id_pcs` varchar(10) COLLATE utf8mb4_unicode_ci NOT NULL,
  `nim` varchar(10) COLLATE utf8mb4_unicode_ci NOT NULL,
  `file_skripsi` text COLLATE utf8mb4_unicode_ci NOT NULL,
  `tanggal` date NOT NULL,
  `created_at` timestamp NULL DEFAULT NULL,
  `updated_at` timestamp NULL DEFAULT NULL
) ENGINE=InnoDB DEFAULT CHARSET=utf8mb4 COLLATE=utf8mb4_unicode_ci;

-- --------------------------------------------------------

--
-- Struktur dari tabel `password_resets`
--

CREATE TABLE `password_resets` (
  `email` varchar(255) COLLATE utf8mb4_unicode_ci NOT NULL,
  `token` varchar(255) COLLATE utf8mb4_unicode_ci NOT NULL,
  `created_at` timestamp NULL DEFAULT NULL
) ENGINE=InnoDB DEFAULT CHARSET=utf8mb4 COLLATE=utf8mb4_unicode_ci;

-- --------------------------------------------------------

--
-- Struktur dari tabel `prasidang`
--

CREATE TABLE `prasidang` (
  `id_ps` varchar(10) COLLATE utf8mb4_unicode_ci NOT NULL,
  `nim` varchar(10) COLLATE utf8mb4_unicode_ci NOT NULL,
  `file_ijasah` text COLLATE utf8mb4_unicode_ci NOT NULL,
  `file_sertifikat_ukm` text COLLATE utf8mb4_unicode_ci NOT NULL,
  `file_foto` text COLLATE utf8mb4_unicode_ci NOT NULL,
  `file_skripsi` text COLLATE utf8mb4_unicode_ci NOT NULL,
  `tanggal` date NOT NULL,
  `status` enum('proses','terima','revisi') COLLATE utf8mb4_unicode_ci NOT NULL,
  `created_at` timestamp NULL DEFAULT NULL,
  `updated_at` timestamp NULL DEFAULT NULL
) ENGINE=InnoDB DEFAULT CHARSET=utf8mb4 COLLATE=utf8mb4_unicode_ci;

-- --------------------------------------------------------

--
-- Struktur dari tabel `program_study`
--

CREATE TABLE `program_study` (
  `id_jurusan` varchar(5) COLLATE utf8mb4_unicode_ci NOT NULL,
  `nama_jurusan` varchar(50) COLLATE utf8mb4_unicode_ci NOT NULL,
  `created_at` timestamp NULL DEFAULT NULL,
  `updated_at` timestamp NULL DEFAULT NULL
) ENGINE=InnoDB DEFAULT CHARSET=utf8mb4 COLLATE=utf8mb4_unicode_ci;

--
-- Dumping data untuk tabel `program_study`
--

INSERT INTO `program_study` (`id_jurusan`, `nama_jurusan`, `created_at`, `updated_at`) VALUES
('55202', 'Teknik Informatika', '2020-12-29 02:21:00', NULL),
('57201', 'Sistem Informasi', '2020-12-29 02:21:32', NULL),
('57401', 'Manajemen Informatika', '2020-12-29 02:22:08', NULL);

-- --------------------------------------------------------

--
-- Struktur dari tabel `revisions`
--

CREATE TABLE `revisions` (
  `id_revisi` varchar(255) COLLATE utf8mb4_unicode_ci NOT NULL,
  `id_bimbingan` varchar(10) COLLATE utf8mb4_unicode_ci NOT NULL,
  `nidn` varchar(10) COLLATE utf8mb4_unicode_ci NOT NULL,
  `isi_revisi` text COLLATE utf8mb4_unicode_ci NOT NULL,
  `file_revisi` text COLLATE utf8mb4_unicode_ci NOT NULL,
  `tanggal` date NOT NULL,
  `created_at` timestamp NULL DEFAULT NULL,
  `updated_at` timestamp NULL DEFAULT NULL
) ENGINE=InnoDB DEFAULT CHARSET=utf8mb4 COLLATE=utf8mb4_unicode_ci;

-- --------------------------------------------------------

--
-- Struktur dari tabel `schedule`
--

CREATE TABLE `schedule` (
  `id_jadwal` varchar(10) CHARACTER SET utf8mb4 COLLATE utf8mb4_unicode_ci NOT NULL,
  `tanggal` date NOT NULL DEFAULT current_timestamp(),
  `jam` time NOT NULL,
  `ruangan` text CHARACTER SET utf8mb4 COLLATE utf8mb4_unicode_ci NOT NULL,
  `tahun` varchar(4) NOT NULL,
  `created_at` timestamp NULL DEFAULT NULL,
  `updated_at` timestamp NULL DEFAULT NULL
) ENGINE=InnoDB DEFAULT CHARSET=utf8mb4;

--
-- Dumping data untuk tabel `schedule`
--

INSERT INTO `schedule` (`id_jadwal`, `tanggal`, `jam`, `ruangan`, `tahun`, `created_at`, `updated_at`) VALUES
('JL301220td', '2021-01-01', '10:00:00', '1', '', '2020-12-30 04:44:36', NULL);

-- --------------------------------------------------------

--
-- Struktur dari tabel `students`
--

CREATE TABLE `students` (
  `nim` varchar(10) COLLATE utf8mb4_unicode_ci NOT NULL,
  `id_auth` varchar(10) COLLATE utf8mb4_unicode_ci NOT NULL,
  `id_jurusan` varchar(5) COLLATE utf8mb4_unicode_ci DEFAULT NULL,
  `id_grup` int(11) DEFAULT NULL,
  `id_jadwal` varchar(10) COLLATE utf8mb4_unicode_ci DEFAULT NULL,
  `nama` varchar(30) COLLATE utf8mb4_unicode_ci NOT NULL,
  `jk` enum('Laki-Laki','Perempuan') COLLATE utf8mb4_unicode_ci NOT NULL,
  `alamat` text COLLATE utf8mb4_unicode_ci DEFAULT NULL,
  `no_hp` varchar(15) COLLATE utf8mb4_unicode_ci DEFAULT NULL,
  `jurusan` enum('Teknik Informatika','Sistem Informasi','Manajemen Informatika') COLLATE utf8mb4_unicode_ci NOT NULL,
  `email` text COLLATE utf8mb4_unicode_ci DEFAULT NULL,
  `tahun` varchar(4) COLLATE utf8mb4_unicode_ci NOT NULL,
  `created_at` timestamp NULL DEFAULT NULL,
  `updated_at` timestamp NULL DEFAULT NULL
) ENGINE=InnoDB DEFAULT CHARSET=utf8mb4 COLLATE=utf8mb4_unicode_ci;

--
-- Dumping data untuk tabel `students`
--

INSERT INTO `students` (`nim`, `id_auth`, `id_jurusan`, `id_grup`, `id_jadwal`, `nama`, `jk`, `alamat`, `no_hp`, `jurusan`, `email`, `tahun`, `created_at`, `updated_at`) VALUES
('A1.1800004', 'A301220kBz', NULL, NULL, NULL, 'Luul Jannah A', 'Perempuan', 'Conggeang', '082120003945', 'Manajemen Informatika', 'a1.1800004@mhs.stmik-sumedang.ac.id', '2021', '2020-12-30 04:04:30', '2021-01-01 06:29:48'),
('A2.1700069', 'A301220ETf', NULL, 24, NULL, 'Deden Juliandi', 'Laki-Laki', 'Sumedang', '082120003945', 'Teknik Informatika', 'a2.1700069@mhs.stmik-sumedang.ac.id', '2021', '2020-12-30 09:32:45', '2021-01-01 04:01:40'),
('A2.1700076', 'A3012201kG', NULL, 24, 'JL301220td', 'Muhammad Nu\'man Izudin', 'Laki-Laki', 'Sumedang Selatan', '09898787663', 'Teknik Informatika', 'a2.1700076@mhs.stmik-sumedang.ac.id', '2021', '2020-12-30 04:03:21', '2020-12-30 04:46:51'),
('A2.1700135', 'A301220TVF', NULL, NULL, NULL, 'Yusup Apandi', 'Laki-Laki', 'Sumedang', '082249557123', 'Teknik Informatika', 'a2.1700135@mhs.stmik-sumedang.ac.id', '2021', '2020-12-30 09:37:14', NULL),
('A3.1700033', 'A301220OLP', NULL, NULL, NULL, 'Nur Mulyasari', 'Perempuan', 'Sumedang', '0987327483', 'Sistem Informasi', 'A3.1700033@mhs.stmik-sumedang.ac.id', '2021', '2020-12-30 04:06:20', NULL);

--
-- Trigger `students`
--
DELIMITER $$
CREATE TRIGGER `delete_auths3` AFTER DELETE ON `students` FOR EACH ROW DELETE FROM auths WHERE id_auth = OLD.id_auth
$$
DELIMITER ;

-- --------------------------------------------------------

--
-- Struktur dari tabel `submissions_proposal`
--

CREATE TABLE `submissions_proposal` (
  `id_pp` varchar(10) COLLATE utf8mb4_unicode_ci NOT NULL,
  `nim` varchar(10) COLLATE utf8mb4_unicode_ci NOT NULL,
  `topik_skripsi` text COLLATE utf8mb4_unicode_ci NOT NULL,
  `file_krs` text COLLATE utf8mb4_unicode_ci NOT NULL,
  `file_khs` text COLLATE utf8mb4_unicode_ci NOT NULL,
  `file_proposal` text COLLATE utf8mb4_unicode_ci NOT NULL,
  `status` enum('proses','terima','tolak') COLLATE utf8mb4_unicode_ci NOT NULL,
  `tanggal` date NOT NULL,
  `created_at` timestamp NULL DEFAULT NULL,
  `updated_at` timestamp NULL DEFAULT NULL
) ENGINE=InnoDB DEFAULT CHARSET=utf8mb4 COLLATE=utf8mb4_unicode_ci;

-- --------------------------------------------------------

--
-- Struktur dari tabel `users`
--

CREATE TABLE `users` (
  `id` bigint(20) UNSIGNED NOT NULL,
  `name` varchar(255) COLLATE utf8mb4_unicode_ci NOT NULL,
  `email` varchar(255) COLLATE utf8mb4_unicode_ci NOT NULL,
  `email_verified_at` timestamp NULL DEFAULT NULL,
  `password` varchar(255) COLLATE utf8mb4_unicode_ci DEFAULT NULL,
  `remember_token` varchar(100) COLLATE utf8mb4_unicode_ci DEFAULT NULL,
  `created_at` timestamp NULL DEFAULT NULL,
  `updated_at` timestamp NULL DEFAULT NULL
) ENGINE=InnoDB DEFAULT CHARSET=utf8mb4 COLLATE=utf8mb4_unicode_ci;

--
-- Dumping data untuk tabel `users`
--

INSERT INTO `users` (`id`, `name`, `email`, `email_verified_at`, `password`, `remember_token`, `created_at`, `updated_at`) VALUES
(1, 'Prof. Asia Kub', 'eraynor@example.com', '2020-10-25 19:50:06', '$2y$10$92IXUNpkjO0rOQ5byMi.Ye4oKoEa3Ro9llC/.og/at2.uheWG/igi', '7xpuVKd23K', '2020-10-25 19:50:06', '2020-10-25 19:50:06'),
(2, 'Jeremie Monahan', 'dwilkinson@example.com', '2020-10-25 19:50:06', '$2y$10$92IXUNpkjO0rOQ5byMi.Ye4oKoEa3Ro9llC/.og/at2.uheWG/igi', '1mKKtVIye5', '2020-10-25 19:50:06', '2020-10-25 19:50:06'),
(3, 'Elmore Vandervort', 'rodrick23@example.net', '2020-10-25 19:50:06', '$2y$10$92IXUNpkjO0rOQ5byMi.Ye4oKoEa3Ro9llC/.og/at2.uheWG/igi', 'nhHhSso9q7', '2020-10-25 19:50:06', '2020-10-25 19:50:06'),
(4, 'Tianna Mertz', 'rosario.swaniawski@example.net', '2020-10-25 19:50:06', '$2y$10$92IXUNpkjO0rOQ5byMi.Ye4oKoEa3Ro9llC/.og/at2.uheWG/igi', 'eLeMVC7s3p', '2020-10-25 19:50:06', '2020-10-25 19:50:06'),
(5, 'Mateo Harber', 'noe41@example.org', '2020-10-25 19:50:06', '$2y$10$92IXUNpkjO0rOQ5byMi.Ye4oKoEa3Ro9llC/.og/at2.uheWG/igi', '1yfGvAZYcP', '2020-10-25 19:50:06', '2020-10-25 19:50:06'),
(6, 'Dwight Gerhold', 'roob.hollie@example.com', '2020-10-25 19:50:06', '$2y$10$92IXUNpkjO0rOQ5byMi.Ye4oKoEa3Ro9llC/.og/at2.uheWG/igi', 'WsSpAoXBsR', '2020-10-25 19:50:06', '2020-10-25 19:50:06'),
(7, 'Jannie Towne', 'althea.heathcote@example.org', '2020-10-25 19:50:06', '$2y$10$92IXUNpkjO0rOQ5byMi.Ye4oKoEa3Ro9llC/.og/at2.uheWG/igi', 'AJ5mH2yLyj', '2020-10-25 19:50:06', '2020-10-25 19:50:06'),
(8, 'Emie Heidenreich', 'herzog.betsy@example.net', '2020-10-25 19:50:06', '$2y$10$92IXUNpkjO0rOQ5byMi.Ye4oKoEa3Ro9llC/.og/at2.uheWG/igi', 'GK8LkyySaU', '2020-10-25 19:50:07', '2020-10-25 19:50:07'),
(9, 'Rhiannon Erdman', 'fpacocha@example.org', '2020-10-25 19:50:06', '$2y$10$92IXUNpkjO0rOQ5byMi.Ye4oKoEa3Ro9llC/.og/at2.uheWG/igi', 'pz66cZYG3G', '2020-10-25 19:50:07', '2020-10-25 19:50:07'),
(10, 'Prof. Dante Sawayn', 'columbus.murazik@example.org', '2020-10-25 19:50:06', '$2y$10$92IXUNpkjO0rOQ5byMi.Ye4oKoEa3Ro9llC/.og/at2.uheWG/igi', 'YBiWimuxkD', '2020-10-25 19:50:07', '2020-10-25 19:50:07'),
(11, 'Mr. Joan Heathcote', 'mueller.lance@example.com', '2020-10-25 19:50:06', '$2y$10$92IXUNpkjO0rOQ5byMi.Ye4oKoEa3Ro9llC/.og/at2.uheWG/igi', '08CPyH8j5d', '2020-10-25 19:50:07', '2020-10-25 19:50:07'),
(12, 'Roma Tromp', 'noemy.kub@example.com', '2020-10-25 19:50:06', '$2y$10$92IXUNpkjO0rOQ5byMi.Ye4oKoEa3Ro9llC/.og/at2.uheWG/igi', 'zpq1TartEO', '2020-10-25 19:50:07', '2020-10-25 19:50:07'),
(13, 'Arvel Huels', 'dibbert.silas@example.org', '2020-10-25 19:50:06', '$2y$10$92IXUNpkjO0rOQ5byMi.Ye4oKoEa3Ro9llC/.og/at2.uheWG/igi', 'Ea5WxGSryz', '2020-10-25 19:50:07', '2020-10-25 19:50:07'),
(14, 'Evalyn Leannon', 'nschowalter@example.org', '2020-10-25 19:50:06', '$2y$10$92IXUNpkjO0rOQ5byMi.Ye4oKoEa3Ro9llC/.og/at2.uheWG/igi', 'LwW5TlOsQ3', '2020-10-25 19:50:07', '2020-10-25 19:50:07'),
(15, 'Nicklaus Hackett', 'ebert.laurence@example.net', '2020-10-25 19:50:06', '$2y$10$92IXUNpkjO0rOQ5byMi.Ye4oKoEa3Ro9llC/.og/at2.uheWG/igi', 'MrNqFMXnIj', '2020-10-25 19:50:07', '2020-10-25 19:50:07'),
(16, 'Miss Twila Kub IV', 'alberta.lindgren@example.com', '2020-10-25 19:50:06', '$2y$10$92IXUNpkjO0rOQ5byMi.Ye4oKoEa3Ro9llC/.og/at2.uheWG/igi', 'yreXs7e8Im', '2020-10-25 19:50:07', '2020-10-25 19:50:07'),
(17, 'Tamia Watsica', 'yruecker@example.net', '2020-10-25 19:50:06', '$2y$10$92IXUNpkjO0rOQ5byMi.Ye4oKoEa3Ro9llC/.og/at2.uheWG/igi', 'OvUz6dDAtb', '2020-10-25 19:50:07', '2020-10-25 19:50:07'),
(18, 'Rocio Ebert II', 'felipa49@example.net', '2020-10-25 19:50:06', '$2y$10$92IXUNpkjO0rOQ5byMi.Ye4oKoEa3Ro9llC/.og/at2.uheWG/igi', 'XwVJpzO2uZ', '2020-10-25 19:50:07', '2020-10-25 19:50:07'),
(19, 'Sadie Lowe', 'hcassin@example.com', '2020-10-25 19:50:06', '$2y$10$92IXUNpkjO0rOQ5byMi.Ye4oKoEa3Ro9llC/.og/at2.uheWG/igi', 'Z5rSd9Q0Ll', '2020-10-25 19:50:07', '2020-10-25 19:50:07'),
(20, 'Zachery Hammes V', 'mpagac@example.net', '2020-10-25 19:50:06', '$2y$10$92IXUNpkjO0rOQ5byMi.Ye4oKoEa3Ro9llC/.og/at2.uheWG/igi', '9DVcAVgwrp', '2020-10-25 19:50:07', '2020-10-25 19:50:07'),
(21, 'Dr. Enrico Schiller Jr.', 'mallie65@example.org', '2020-10-25 19:50:06', '$2y$10$92IXUNpkjO0rOQ5byMi.Ye4oKoEa3Ro9llC/.og/at2.uheWG/igi', '7tnbjI5Qjg', '2020-10-25 19:50:07', '2020-10-25 19:50:07'),
(22, 'Lewis Veum', 'llockman@example.org', '2020-10-25 19:50:06', '$2y$10$92IXUNpkjO0rOQ5byMi.Ye4oKoEa3Ro9llC/.og/at2.uheWG/igi', 'pcxskTwqwc', '2020-10-25 19:50:07', '2020-10-25 19:50:07'),
(23, 'Meta Considine II', 'tromp.cody@example.com', '2020-10-25 19:50:06', '$2y$10$92IXUNpkjO0rOQ5byMi.Ye4oKoEa3Ro9llC/.og/at2.uheWG/igi', 'xxVADwVxK4', '2020-10-25 19:50:07', '2020-10-25 19:50:07'),
(24, 'Glenda Aufderhar', 'marcelina43@example.org', '2020-10-25 19:50:06', '$2y$10$92IXUNpkjO0rOQ5byMi.Ye4oKoEa3Ro9llC/.og/at2.uheWG/igi', '9RwlkwPDLU', '2020-10-25 19:50:07', '2020-10-25 19:50:07'),
(25, 'Renee Hintz', 'chaz.bednar@example.net', '2020-10-25 19:50:06', '$2y$10$92IXUNpkjO0rOQ5byMi.Ye4oKoEa3Ro9llC/.og/at2.uheWG/igi', 'obNJoNL2bk', '2020-10-25 19:50:07', '2020-10-25 19:50:07'),
(26, 'Oran Price', 'genoveva.heidenreich@example.org', '2020-10-25 19:50:06', '$2y$10$92IXUNpkjO0rOQ5byMi.Ye4oKoEa3Ro9llC/.og/at2.uheWG/igi', 'IL4Ute0mpQ', '2020-10-25 19:50:08', '2020-10-25 19:50:08'),
(27, 'Jamel Will III', 'maryjane.hamill@example.com', '2020-10-25 19:50:06', '$2y$10$92IXUNpkjO0rOQ5byMi.Ye4oKoEa3Ro9llC/.og/at2.uheWG/igi', 'auaqdNPOLY', '2020-10-25 19:50:08', '2020-10-25 19:50:08'),
(28, 'Prof. Judson Ondricka II', 'kurtis61@example.com', '2020-10-25 19:50:06', '$2y$10$92IXUNpkjO0rOQ5byMi.Ye4oKoEa3Ro9llC/.og/at2.uheWG/igi', 'lJMazwMr0E', '2020-10-25 19:50:08', '2020-10-25 19:50:08'),
(29, 'Kristin Thiel', 'koss.ramon@example.com', '2020-10-25 19:50:06', '$2y$10$92IXUNpkjO0rOQ5byMi.Ye4oKoEa3Ro9llC/.og/at2.uheWG/igi', 'C0hOLJtUoi', '2020-10-25 19:50:08', '2020-10-25 19:50:08'),
(30, 'Jaden McCullough', 'kaelyn22@example.org', '2020-10-25 19:50:06', '$2y$10$92IXUNpkjO0rOQ5byMi.Ye4oKoEa3Ro9llC/.og/at2.uheWG/igi', 'NGphyNgHLd', '2020-10-25 19:50:08', '2020-10-25 19:50:08'),
(31, 'Pearlie Dach', 'keebler.bettie@example.org', '2020-10-25 19:50:06', '$2y$10$92IXUNpkjO0rOQ5byMi.Ye4oKoEa3Ro9llC/.og/at2.uheWG/igi', '6D5Yubre6D', '2020-10-25 19:50:08', '2020-10-25 19:50:08'),
(32, 'Savanna Grady', 'steuber.morgan@example.net', '2020-10-25 19:50:06', '$2y$10$92IXUNpkjO0rOQ5byMi.Ye4oKoEa3Ro9llC/.og/at2.uheWG/igi', '0P0HjtZ1q3', '2020-10-25 19:50:08', '2020-10-25 19:50:08'),
(33, 'Madalyn Beier', 'soledad.rath@example.com', '2020-10-25 19:50:06', '$2y$10$92IXUNpkjO0rOQ5byMi.Ye4oKoEa3Ro9llC/.og/at2.uheWG/igi', 'FDeef9nlyp', '2020-10-25 19:50:08', '2020-10-25 19:50:08'),
(34, 'Karine Mann DDS', 'pascale.schuster@example.org', '2020-10-25 19:50:06', '$2y$10$92IXUNpkjO0rOQ5byMi.Ye4oKoEa3Ro9llC/.og/at2.uheWG/igi', '8bNrVQs7LN', '2020-10-25 19:50:08', '2020-10-25 19:50:08'),
(35, 'Jarrett Boyle', 'mac85@example.com', '2020-10-25 19:50:06', '$2y$10$92IXUNpkjO0rOQ5byMi.Ye4oKoEa3Ro9llC/.og/at2.uheWG/igi', 'wMKAcFVyxS', '2020-10-25 19:50:08', '2020-10-25 19:50:08'),
(36, 'Dr. D\'angelo Yundt Sr.', 'liza.jakubowski@example.com', '2020-10-25 19:50:06', '$2y$10$92IXUNpkjO0rOQ5byMi.Ye4oKoEa3Ro9llC/.og/at2.uheWG/igi', 'm9j8TzgdA0', '2020-10-25 19:50:08', '2020-10-25 19:50:08'),
(37, 'Ofelia Little III', 'norene.marks@example.net', '2020-10-25 19:50:06', '$2y$10$92IXUNpkjO0rOQ5byMi.Ye4oKoEa3Ro9llC/.og/at2.uheWG/igi', 'oS75eGKsVn', '2020-10-25 19:50:08', '2020-10-25 19:50:08'),
(38, 'Savanah Ritchie', 'abuckridge@example.com', '2020-10-25 19:50:06', '$2y$10$92IXUNpkjO0rOQ5byMi.Ye4oKoEa3Ro9llC/.og/at2.uheWG/igi', 'MhduS22Igh', '2020-10-25 19:50:08', '2020-10-25 19:50:08'),
(39, 'Ed Kuhlman', 'gluettgen@example.net', '2020-10-25 19:50:06', '$2y$10$92IXUNpkjO0rOQ5byMi.Ye4oKoEa3Ro9llC/.og/at2.uheWG/igi', 'udrmujINCI', '2020-10-25 19:50:08', '2020-10-25 19:50:08'),
(40, 'Quentin Lesch', 'schulist.haley@example.org', '2020-10-25 19:50:06', '$2y$10$92IXUNpkjO0rOQ5byMi.Ye4oKoEa3Ro9llC/.og/at2.uheWG/igi', 'afhdyXpdUF', '2020-10-25 19:50:08', '2020-10-25 19:50:08'),
(41, 'Norma Goyette', 'dibbert.dayna@example.net', '2020-10-25 19:50:06', '$2y$10$92IXUNpkjO0rOQ5byMi.Ye4oKoEa3Ro9llC/.og/at2.uheWG/igi', 'Di51MqQCiw', '2020-10-25 19:50:08', '2020-10-25 19:50:08'),
(42, 'Richie Parisian', 'pwehner@example.com', '2020-10-25 19:50:06', '$2y$10$92IXUNpkjO0rOQ5byMi.Ye4oKoEa3Ro9llC/.og/at2.uheWG/igi', '6kVEPBnGbP', '2020-10-25 19:50:08', '2020-10-25 19:50:08'),
(43, 'Mrs. Luisa Roberts II', 'melvin34@example.net', '2020-10-25 19:50:06', '$2y$10$92IXUNpkjO0rOQ5byMi.Ye4oKoEa3Ro9llC/.og/at2.uheWG/igi', 'hRwUpqZlcL', '2020-10-25 19:50:08', '2020-10-25 19:50:08'),
(44, 'Isom Smith', 'lebsack.eli@example.com', '2020-10-25 19:50:06', '$2y$10$92IXUNpkjO0rOQ5byMi.Ye4oKoEa3Ro9llC/.og/at2.uheWG/igi', '2PVdG3RNPL', '2020-10-25 19:50:08', '2020-10-25 19:50:08'),
(45, 'Dalton Mohr', 'maximillia.huel@example.org', '2020-10-25 19:50:06', '$2y$10$92IXUNpkjO0rOQ5byMi.Ye4oKoEa3Ro9llC/.og/at2.uheWG/igi', 'wn28Nqm8k3', '2020-10-25 19:50:08', '2020-10-25 19:50:08'),
(46, 'Prof. Cyril Sauer V', 'zflatley@example.net', '2020-10-25 19:50:06', '$2y$10$92IXUNpkjO0rOQ5byMi.Ye4oKoEa3Ro9llC/.og/at2.uheWG/igi', 'WNZRZyZqZt', '2020-10-25 19:50:08', '2020-10-25 19:50:08'),
(47, 'Mrs. Willa Satterfield', 'bergnaum.hazle@example.net', '2020-10-25 19:50:06', '$2y$10$92IXUNpkjO0rOQ5byMi.Ye4oKoEa3Ro9llC/.og/at2.uheWG/igi', 'kIKxoANAdp', '2020-10-25 19:50:08', '2020-10-25 19:50:08'),
(48, 'Ms. Albina Kuhn', 'susie.kozey@example.com', '2020-10-25 19:50:06', '$2y$10$92IXUNpkjO0rOQ5byMi.Ye4oKoEa3Ro9llC/.og/at2.uheWG/igi', 'a3wbGzTBHz', '2020-10-25 19:50:08', '2020-10-25 19:50:08'),
(49, 'Christophe Hayes', 'landerson@example.com', '2020-10-25 19:50:06', '$2y$10$92IXUNpkjO0rOQ5byMi.Ye4oKoEa3Ro9llC/.og/at2.uheWG/igi', 'f1uUYkgcJL', '2020-10-25 19:50:09', '2020-10-25 19:50:09'),
(50, 'Dr. Sherwood Bartoletti PhD', 'carmelo.hessel@example.net', '2020-10-25 19:50:06', '$2y$10$92IXUNpkjO0rOQ5byMi.Ye4oKoEa3Ro9llC/.og/at2.uheWG/igi', 'i2GXOCi5uQ', '2020-10-25 19:50:09', '2020-10-25 19:50:09'),
(51, 'Marjory Schmitt MD', 'umcclure@example.org', '2020-10-25 19:50:06', '$2y$10$92IXUNpkjO0rOQ5byMi.Ye4oKoEa3Ro9llC/.og/at2.uheWG/igi', 'kqibGGORdJ', '2020-10-25 19:50:09', '2020-10-25 19:50:09'),
(52, 'Prof. Candice Hermiston I', 'pacocha.sarah@example.net', '2020-10-25 19:50:06', '$2y$10$92IXUNpkjO0rOQ5byMi.Ye4oKoEa3Ro9llC/.og/at2.uheWG/igi', 'oR1he7IH7U', '2020-10-25 19:50:09', '2020-10-25 19:50:09'),
(53, 'Prof. Margaret Runolfsson', 'altenwerth.rhett@example.net', '2020-10-25 19:50:06', '$2y$10$92IXUNpkjO0rOQ5byMi.Ye4oKoEa3Ro9llC/.og/at2.uheWG/igi', 'hGS29hG76J', '2020-10-25 19:50:09', '2020-10-25 19:50:09'),
(54, 'Dr. Chaya Keeling MD', 'missouri63@example.org', '2020-10-25 19:50:06', '$2y$10$92IXUNpkjO0rOQ5byMi.Ye4oKoEa3Ro9llC/.og/at2.uheWG/igi', 'A3GQp0YezB', '2020-10-25 19:50:09', '2020-10-25 19:50:09'),
(55, 'Prof. Keith Bailey I', 'loren.medhurst@example.net', '2020-10-25 19:50:06', '$2y$10$92IXUNpkjO0rOQ5byMi.Ye4oKoEa3Ro9llC/.og/at2.uheWG/igi', 'fush861AiB', '2020-10-25 19:50:09', '2020-10-25 19:50:09'),
(56, 'Holly Berge', 'logan.bailey@example.com', '2020-10-25 19:50:06', '$2y$10$92IXUNpkjO0rOQ5byMi.Ye4oKoEa3Ro9llC/.og/at2.uheWG/igi', '0PSfLel7Om', '2020-10-25 19:50:09', '2020-10-25 19:50:09'),
(57, 'Arely Bernier', 'damaris.sanford@example.net', '2020-10-25 19:50:06', '$2y$10$92IXUNpkjO0rOQ5byMi.Ye4oKoEa3Ro9llC/.og/at2.uheWG/igi', 'vbqdUjiWFW', '2020-10-25 19:50:09', '2020-10-25 19:50:09'),
(58, 'Dr. Orin Funk V', 'langworth.melisa@example.org', '2020-10-25 19:50:06', '$2y$10$92IXUNpkjO0rOQ5byMi.Ye4oKoEa3Ro9llC/.og/at2.uheWG/igi', 'iCAgQwqxCV', '2020-10-25 19:50:09', '2020-10-25 19:50:09'),
(59, 'Stella Gerlach', 'isadore.quigley@example.net', '2020-10-25 19:50:06', '$2y$10$92IXUNpkjO0rOQ5byMi.Ye4oKoEa3Ro9llC/.og/at2.uheWG/igi', 'DvC8zOvDQW', '2020-10-25 19:50:09', '2020-10-25 19:50:09'),
(60, 'Greyson Koepp Sr.', 'jacobi.audra@example.org', '2020-10-25 19:50:06', '$2y$10$92IXUNpkjO0rOQ5byMi.Ye4oKoEa3Ro9llC/.og/at2.uheWG/igi', 'DNqqbjgBoM', '2020-10-25 19:50:09', '2020-10-25 19:50:09'),
(61, 'Kari Wuckert', 'schinner.mervin@example.org', '2020-10-25 19:50:06', '$2y$10$92IXUNpkjO0rOQ5byMi.Ye4oKoEa3Ro9llC/.og/at2.uheWG/igi', 'JMSxQHChgF', '2020-10-25 19:50:09', '2020-10-25 19:50:09'),
(62, 'Eden Beatty', 'jaylen07@example.com', '2020-10-25 19:50:06', '$2y$10$92IXUNpkjO0rOQ5byMi.Ye4oKoEa3Ro9llC/.og/at2.uheWG/igi', 'wAzM4UaxsO', '2020-10-25 19:50:09', '2020-10-25 19:50:09'),
(63, 'Sage Cassin DDS', 'rodolfo26@example.net', '2020-10-25 19:50:06', '$2y$10$92IXUNpkjO0rOQ5byMi.Ye4oKoEa3Ro9llC/.og/at2.uheWG/igi', 'iGD4tBItl3', '2020-10-25 19:50:09', '2020-10-25 19:50:09'),
(64, 'Prof. Carter Murphy', 'bogan.caden@example.com', '2020-10-25 19:50:06', '$2y$10$92IXUNpkjO0rOQ5byMi.Ye4oKoEa3Ro9llC/.og/at2.uheWG/igi', '9X8sNLj38f', '2020-10-25 19:50:09', '2020-10-25 19:50:09'),
(65, 'Lawson Koss', 'heathcote.abel@example.org', '2020-10-25 19:50:06', '$2y$10$92IXUNpkjO0rOQ5byMi.Ye4oKoEa3Ro9llC/.og/at2.uheWG/igi', 'kcbJHpDbm1', '2020-10-25 19:50:09', '2020-10-25 19:50:09'),
(66, 'Dr. Sadie Fritsch III', 'dooley.loraine@example.org', '2020-10-25 19:50:06', '$2y$10$92IXUNpkjO0rOQ5byMi.Ye4oKoEa3Ro9llC/.og/at2.uheWG/igi', 'qOnKBlzGwh', '2020-10-25 19:50:09', '2020-10-25 19:50:09'),
(67, 'Mr. Jensen Bartoletti', 'kirsten.harvey@example.com', '2020-10-25 19:50:06', '$2y$10$92IXUNpkjO0rOQ5byMi.Ye4oKoEa3Ro9llC/.og/at2.uheWG/igi', 'A0H9mVOkPa', '2020-10-25 19:50:09', '2020-10-25 19:50:09'),
(68, 'Abelardo Hegmann', 'hilpert.juliet@example.com', '2020-10-25 19:50:06', '$2y$10$92IXUNpkjO0rOQ5byMi.Ye4oKoEa3Ro9llC/.og/at2.uheWG/igi', '5rLKqoVcNS', '2020-10-25 19:50:09', '2020-10-25 19:50:09'),
(69, 'Prof. Odie Marvin', 'carmelo.cartwright@example.net', '2020-10-25 19:50:06', '$2y$10$92IXUNpkjO0rOQ5byMi.Ye4oKoEa3Ro9llC/.og/at2.uheWG/igi', 'ax76V5ubEn', '2020-10-25 19:50:09', '2020-10-25 19:50:09'),
(70, 'Rey Watsica', 'pascale.stanton@example.org', '2020-10-25 19:50:06', '$2y$10$92IXUNpkjO0rOQ5byMi.Ye4oKoEa3Ro9llC/.og/at2.uheWG/igi', '4rVpOIkX9G', '2020-10-25 19:50:09', '2020-10-25 19:50:09'),
(71, 'Eloisa Bartell', 'marcella.sauer@example.com', '2020-10-25 19:50:06', '$2y$10$92IXUNpkjO0rOQ5byMi.Ye4oKoEa3Ro9llC/.og/at2.uheWG/igi', 'J8Mhf4AmfS', '2020-10-25 19:50:10', '2020-10-25 19:50:10'),
(72, 'Geovany Erdman PhD', 'maximillia.jaskolski@example.net', '2020-10-25 19:50:06', '$2y$10$92IXUNpkjO0rOQ5byMi.Ye4oKoEa3Ro9llC/.og/at2.uheWG/igi', 'iaL00rVTPS', '2020-10-25 19:50:10', '2020-10-25 19:50:10'),
(73, 'D\'angelo Dietrich', 'antoinette87@example.net', '2020-10-25 19:50:06', '$2y$10$92IXUNpkjO0rOQ5byMi.Ye4oKoEa3Ro9llC/.og/at2.uheWG/igi', '0iYk2Edk7A', '2020-10-25 19:50:10', '2020-10-25 19:50:10'),
(74, 'Jalon Bashirian DDS', 'oconner.kasandra@example.com', '2020-10-25 19:50:06', '$2y$10$92IXUNpkjO0rOQ5byMi.Ye4oKoEa3Ro9llC/.og/at2.uheWG/igi', 'NJT6s1mF84', '2020-10-25 19:50:10', '2020-10-25 19:50:10'),
(75, 'Mustafa Schimmel', 'clara83@example.net', '2020-10-25 19:50:06', '$2y$10$92IXUNpkjO0rOQ5byMi.Ye4oKoEa3Ro9llC/.og/at2.uheWG/igi', 'V86DvTcMxQ', '2020-10-25 19:50:10', '2020-10-25 19:50:10'),
(76, 'Aylin DuBuque', 'kerluke.oren@example.net', '2020-10-25 19:50:06', '$2y$10$92IXUNpkjO0rOQ5byMi.Ye4oKoEa3Ro9llC/.og/at2.uheWG/igi', 'W8sHvIajpQ', '2020-10-25 19:50:10', '2020-10-25 19:50:10'),
(77, 'Prof. Vicente O\'Kon IV', 'luella.cole@example.com', '2020-10-25 19:50:06', '$2y$10$92IXUNpkjO0rOQ5byMi.Ye4oKoEa3Ro9llC/.og/at2.uheWG/igi', 'eulnOzDvtR', '2020-10-25 19:50:10', '2020-10-25 19:50:10'),
(78, 'Justen Hayes', 'spencer.wilford@example.net', '2020-10-25 19:50:06', '$2y$10$92IXUNpkjO0rOQ5byMi.Ye4oKoEa3Ro9llC/.og/at2.uheWG/igi', 'pgbtL6HoPE', '2020-10-25 19:50:10', '2020-10-25 19:50:10'),
(79, 'Dr. Leonardo Schinner V', 'orin65@example.net', '2020-10-25 19:50:06', '$2y$10$92IXUNpkjO0rOQ5byMi.Ye4oKoEa3Ro9llC/.og/at2.uheWG/igi', 'CKqLDjYOgg', '2020-10-25 19:50:10', '2020-10-25 19:50:10'),
(80, 'Bessie Considine', 'philip44@example.org', '2020-10-25 19:50:06', '$2y$10$92IXUNpkjO0rOQ5byMi.Ye4oKoEa3Ro9llC/.og/at2.uheWG/igi', 'WEQG4UoNic', '2020-10-25 19:50:10', '2020-10-25 19:50:10'),
(81, 'Gerson Corkery', 'bechtelar.waylon@example.org', '2020-10-25 19:50:06', '$2y$10$92IXUNpkjO0rOQ5byMi.Ye4oKoEa3Ro9llC/.og/at2.uheWG/igi', 'AG4clq6UGf', '2020-10-25 19:50:10', '2020-10-25 19:50:10'),
(82, 'Lee Hauck', 'hilbert56@example.org', '2020-10-25 19:50:06', '$2y$10$92IXUNpkjO0rOQ5byMi.Ye4oKoEa3Ro9llC/.og/at2.uheWG/igi', 'uhGvI3ywf1', '2020-10-25 19:50:10', '2020-10-25 19:50:10'),
(83, 'Hillard Corkery V', 'hhaley@example.org', '2020-10-25 19:50:06', '$2y$10$92IXUNpkjO0rOQ5byMi.Ye4oKoEa3Ro9llC/.og/at2.uheWG/igi', 'w3CJzO7I50', '2020-10-25 19:50:10', '2020-10-25 19:50:10'),
(84, 'Ryleigh Kertzmann', 'wfeest@example.org', '2020-10-25 19:50:06', '$2y$10$92IXUNpkjO0rOQ5byMi.Ye4oKoEa3Ro9llC/.og/at2.uheWG/igi', 'wRfLoXEPZ3', '2020-10-25 19:50:10', '2020-10-25 19:50:10'),
(85, 'Aglae Schoen Sr.', 'koch.montana@example.com', '2020-10-25 19:50:06', '$2y$10$92IXUNpkjO0rOQ5byMi.Ye4oKoEa3Ro9llC/.og/at2.uheWG/igi', 'lyp3nJgjsW', '2020-10-25 19:50:10', '2020-10-25 19:50:10'),
(86, 'Destinee Schulist PhD', 'connelly.jermaine@example.org', '2020-10-25 19:50:06', '$2y$10$92IXUNpkjO0rOQ5byMi.Ye4oKoEa3Ro9llC/.og/at2.uheWG/igi', 'I0JTxnKgk7', '2020-10-25 19:50:10', '2020-10-25 19:50:10'),
(87, 'Dr. Judson Kutch', 'ilarson@example.net', '2020-10-25 19:50:06', '$2y$10$92IXUNpkjO0rOQ5byMi.Ye4oKoEa3Ro9llC/.og/at2.uheWG/igi', 'zBRkg66S8g', '2020-10-25 19:50:10', '2020-10-25 19:50:10'),
(88, 'Josiah Sauer', 'ppowlowski@example.org', '2020-10-25 19:50:06', '$2y$10$92IXUNpkjO0rOQ5byMi.Ye4oKoEa3Ro9llC/.og/at2.uheWG/igi', 'C82SlQJi7n', '2020-10-25 19:50:10', '2020-10-25 19:50:10'),
(89, 'Prof. Brisa Satterfield DVM', 'xrempel@example.net', '2020-10-25 19:50:06', '$2y$10$92IXUNpkjO0rOQ5byMi.Ye4oKoEa3Ro9llC/.og/at2.uheWG/igi', 'Qi7YHIE0Xe', '2020-10-25 19:50:10', '2020-10-25 19:50:10'),
(90, 'Marilou Wiza', 'louvenia.spinka@example.org', '2020-10-25 19:50:06', '$2y$10$92IXUNpkjO0rOQ5byMi.Ye4oKoEa3Ro9llC/.og/at2.uheWG/igi', 'zFgQILs9Cr', '2020-10-25 19:50:10', '2020-10-25 19:50:10'),
(91, 'Milton Corkery', 'juanita27@example.com', '2020-10-25 19:50:06', '$2y$10$92IXUNpkjO0rOQ5byMi.Ye4oKoEa3Ro9llC/.og/at2.uheWG/igi', 'NBWP4smSLm', '2020-10-25 19:50:10', '2020-10-25 19:50:10'),
(92, 'Stephen Howe', 'mueller.lizeth@example.org', '2020-10-25 19:50:06', '$2y$10$92IXUNpkjO0rOQ5byMi.Ye4oKoEa3Ro9llC/.og/at2.uheWG/igi', 'f9EDMMj8Gv', '2020-10-25 19:50:10', '2020-10-25 19:50:10'),
(93, 'Darrick Russel MD', 'turner.vince@example.net', '2020-10-25 19:50:06', '$2y$10$92IXUNpkjO0rOQ5byMi.Ye4oKoEa3Ro9llC/.og/at2.uheWG/igi', 'KQEImLX7W4', '2020-10-25 19:50:10', '2020-10-25 19:50:10'),
(94, 'Cheyenne Bergstrom', 'jaylan01@example.com', '2020-10-25 19:50:06', '$2y$10$92IXUNpkjO0rOQ5byMi.Ye4oKoEa3Ro9llC/.og/at2.uheWG/igi', 'fnrvFxOXfw', '2020-10-25 19:50:11', '2020-10-25 19:50:11'),
(95, 'Porter Donnelly MD', 'mnikolaus@example.com', '2020-10-25 19:50:06', '$2y$10$92IXUNpkjO0rOQ5byMi.Ye4oKoEa3Ro9llC/.og/at2.uheWG/igi', 'yMD3cZdORp', '2020-10-25 19:50:11', '2020-10-25 19:50:11'),
(96, 'Delia Nikolaus', 'russell.macejkovic@example.com', '2020-10-25 19:50:06', '$2y$10$92IXUNpkjO0rOQ5byMi.Ye4oKoEa3Ro9llC/.og/at2.uheWG/igi', 'D33bTz7pMc', '2020-10-25 19:50:11', '2020-10-25 19:50:11'),
(97, 'Mr. Rocky DuBuque PhD', 'ned.mueller@example.org', '2020-10-25 19:50:06', '$2y$10$92IXUNpkjO0rOQ5byMi.Ye4oKoEa3Ro9llC/.og/at2.uheWG/igi', 'vkStwHvkCk', '2020-10-25 19:50:11', '2020-10-25 19:50:11'),
(98, 'Tyra Heathcote', 'pete40@example.org', '2020-10-25 19:50:06', '$2y$10$92IXUNpkjO0rOQ5byMi.Ye4oKoEa3Ro9llC/.og/at2.uheWG/igi', 'liwreSH47z', '2020-10-25 19:50:11', '2020-10-25 19:50:11'),
(99, 'Viviane Bruen MD', 'rempel.leora@example.com', '2020-10-25 19:50:06', '$2y$10$92IXUNpkjO0rOQ5byMi.Ye4oKoEa3Ro9llC/.og/at2.uheWG/igi', 'YuAKNZPa2v', '2020-10-25 19:50:11', '2020-10-25 19:50:11'),
(100, 'Issac Cronin', 'napoleon.dooley@example.org', '2020-10-25 19:50:06', '$2y$10$92IXUNpkjO0rOQ5byMi.Ye4oKoEa3Ro9llC/.og/at2.uheWG/igi', 'PtgIhDzkzt', '2020-10-25 19:50:11', '2020-10-25 19:50:11'),
(101, 'Ed Hill', 'margarita22@example.org', '2020-10-25 19:50:06', '$2y$10$92IXUNpkjO0rOQ5byMi.Ye4oKoEa3Ro9llC/.og/at2.uheWG/igi', '3J30rSpYn2', '2020-10-25 19:50:11', '2020-10-25 19:50:11'),
(102, 'Dr. Chauncey Lind IV', 'kerluke.braulio@example.net', '2020-10-25 19:50:06', '$2y$10$92IXUNpkjO0rOQ5byMi.Ye4oKoEa3Ro9llC/.og/at2.uheWG/igi', 'An3WiZRwwF', '2020-10-25 19:50:11', '2020-10-25 19:50:11'),
(103, 'Dr. Verla Schroeder', 'bquitzon@example.net', '2020-10-25 19:50:06', '$2y$10$92IXUNpkjO0rOQ5byMi.Ye4oKoEa3Ro9llC/.og/at2.uheWG/igi', 'Q3aZxU2sKn', '2020-10-25 19:50:11', '2020-10-25 19:50:11'),
(104, 'Prof. Tyrese Orn Sr.', 'oconner.christa@example.org', '2020-10-25 19:50:06', '$2y$10$92IXUNpkjO0rOQ5byMi.Ye4oKoEa3Ro9llC/.og/at2.uheWG/igi', 'CpM1KpkYjZ', '2020-10-25 19:50:11', '2020-10-25 19:50:11'),
(105, 'Prof. Vilma Hauck', 'kieran.kautzer@example.com', '2020-10-25 19:50:06', '$2y$10$92IXUNpkjO0rOQ5byMi.Ye4oKoEa3Ro9llC/.og/at2.uheWG/igi', 'y22GTMxnSY', '2020-10-25 19:50:11', '2020-10-25 19:50:11'),
(106, 'Dr. Vena Corkery', 'arne34@example.net', '2020-10-25 19:50:06', '$2y$10$92IXUNpkjO0rOQ5byMi.Ye4oKoEa3Ro9llC/.og/at2.uheWG/igi', 'nJTl94oWD3', '2020-10-25 19:50:11', '2020-10-25 19:50:11'),
(107, 'Hal Tillman', 'tessie.williamson@example.net', '2020-10-25 19:50:06', '$2y$10$92IXUNpkjO0rOQ5byMi.Ye4oKoEa3Ro9llC/.og/at2.uheWG/igi', 'tXwbvxThkW', '2020-10-25 19:50:11', '2020-10-25 19:50:11'),
(108, 'Mozelle Kunde', 'nbrekke@example.org', '2020-10-25 19:50:06', '$2y$10$92IXUNpkjO0rOQ5byMi.Ye4oKoEa3Ro9llC/.og/at2.uheWG/igi', '757WcAqjwd', '2020-10-25 19:50:11', '2020-10-25 19:50:11'),
(109, 'Shannon O\'Conner', 'columbus52@example.com', '2020-10-25 19:50:06', '$2y$10$92IXUNpkjO0rOQ5byMi.Ye4oKoEa3Ro9llC/.og/at2.uheWG/igi', '6MKgh9fHLj', '2020-10-25 19:50:11', '2020-10-25 19:50:11'),
(110, 'Blanca Beer', 'ebert.emmett@example.org', '2020-10-25 19:50:06', '$2y$10$92IXUNpkjO0rOQ5byMi.Ye4oKoEa3Ro9llC/.og/at2.uheWG/igi', 'ARfwWSuern', '2020-10-25 19:50:11', '2020-10-25 19:50:11'),
(111, 'Lois Crist', 'emerson.steuber@example.org', '2020-10-25 19:50:06', '$2y$10$92IXUNpkjO0rOQ5byMi.Ye4oKoEa3Ro9llC/.og/at2.uheWG/igi', 'vvOIuSXc1m', '2020-10-25 19:50:11', '2020-10-25 19:50:11'),
(112, 'Cornell Mertz', 'pmoen@example.net', '2020-10-25 19:50:06', '$2y$10$92IXUNpkjO0rOQ5byMi.Ye4oKoEa3Ro9llC/.og/at2.uheWG/igi', 'kK7EnGbZYZ', '2020-10-25 19:50:11', '2020-10-25 19:50:11'),
(113, 'Carolina Bauch', 'marjorie11@example.net', '2020-10-25 19:50:06', '$2y$10$92IXUNpkjO0rOQ5byMi.Ye4oKoEa3Ro9llC/.og/at2.uheWG/igi', 'HJXV5CwAPR', '2020-10-25 19:50:11', '2020-10-25 19:50:11'),
(114, 'Immanuel Halvorson', 'jimmie13@example.org', '2020-10-25 19:50:06', '$2y$10$92IXUNpkjO0rOQ5byMi.Ye4oKoEa3Ro9llC/.og/at2.uheWG/igi', 'dou72ilxRd', '2020-10-25 19:50:11', '2020-10-25 19:50:11'),
(115, 'Jaquelin Hackett', 'grayce.kuphal@example.net', '2020-10-25 19:50:06', '$2y$10$92IXUNpkjO0rOQ5byMi.Ye4oKoEa3Ro9llC/.og/at2.uheWG/igi', 'jlKF8F26pi', '2020-10-25 19:50:11', '2020-10-25 19:50:11'),
(116, 'Ali Blick', 'daniella43@example.com', '2020-10-25 19:50:06', '$2y$10$92IXUNpkjO0rOQ5byMi.Ye4oKoEa3Ro9llC/.og/at2.uheWG/igi', 'n4wSI3ppV8', '2020-10-25 19:50:11', '2020-10-25 19:50:11'),
(117, 'Lucie Gerhold I', 'tblick@example.net', '2020-10-25 19:50:06', '$2y$10$92IXUNpkjO0rOQ5byMi.Ye4oKoEa3Ro9llC/.og/at2.uheWG/igi', 'F9rkEtac2h', '2020-10-25 19:50:11', '2020-10-25 19:50:11'),
(118, 'Miguel Upton', 'lweissnat@example.com', '2020-10-25 19:50:06', '$2y$10$92IXUNpkjO0rOQ5byMi.Ye4oKoEa3Ro9llC/.og/at2.uheWG/igi', 'BihCpeLuB8', '2020-10-25 19:50:11', '2020-10-25 19:50:11'),
(119, 'Quentin Runolfsdottir', 'crist.ova@example.com', '2020-10-25 19:50:06', '$2y$10$92IXUNpkjO0rOQ5byMi.Ye4oKoEa3Ro9llC/.og/at2.uheWG/igi', 'kvdNBUMsZc', '2020-10-25 19:50:12', '2020-10-25 19:50:12'),
(120, 'Jarod Schowalter', 'orrin.goyette@example.net', '2020-10-25 19:50:06', '$2y$10$92IXUNpkjO0rOQ5byMi.Ye4oKoEa3Ro9llC/.og/at2.uheWG/igi', 'rVHNhJ0pTU', '2020-10-25 19:50:12', '2020-10-25 19:50:12'),
(121, 'Marshall Parker', 'runolfsdottir.dion@example.org', '2020-10-25 19:50:06', '$2y$10$92IXUNpkjO0rOQ5byMi.Ye4oKoEa3Ro9llC/.og/at2.uheWG/igi', 'qvRDLTqDa7', '2020-10-25 19:50:12', '2020-10-25 19:50:12'),
(122, 'Leatha Douglas', 'hope28@example.com', '2020-10-25 19:50:06', '$2y$10$92IXUNpkjO0rOQ5byMi.Ye4oKoEa3Ro9llC/.og/at2.uheWG/igi', 'OXFNtGEf5H', '2020-10-25 19:50:12', '2020-10-25 19:50:12'),
(123, 'Oceane Metz V', 'hwalsh@example.org', '2020-10-25 19:50:06', '$2y$10$92IXUNpkjO0rOQ5byMi.Ye4oKoEa3Ro9llC/.og/at2.uheWG/igi', 'jNFLUn1Vzo', '2020-10-25 19:50:12', '2020-10-25 19:50:12'),
(124, 'Johnson Glover', 'witting.cole@example.com', '2020-10-25 19:50:06', '$2y$10$92IXUNpkjO0rOQ5byMi.Ye4oKoEa3Ro9llC/.og/at2.uheWG/igi', 'rWfYhbdszT', '2020-10-25 19:50:12', '2020-10-25 19:50:12'),
(125, 'Marianna Mills', 'kuphal.karen@example.com', '2020-10-25 19:50:06', '$2y$10$92IXUNpkjO0rOQ5byMi.Ye4oKoEa3Ro9llC/.og/at2.uheWG/igi', 'hxc4agsnqU', '2020-10-25 19:50:12', '2020-10-25 19:50:12'),
(126, 'Addie D\'Amore', 'lynch.pierre@example.org', '2020-10-25 19:50:06', '$2y$10$92IXUNpkjO0rOQ5byMi.Ye4oKoEa3Ro9llC/.og/at2.uheWG/igi', 'TTtPn9NUyh', '2020-10-25 19:50:12', '2020-10-25 19:50:12'),
(127, 'Sean Rippin', 'donato82@example.org', '2020-10-25 19:50:06', '$2y$10$92IXUNpkjO0rOQ5byMi.Ye4oKoEa3Ro9llC/.og/at2.uheWG/igi', 'ZaGTBFYw1h', '2020-10-25 19:50:12', '2020-10-25 19:50:12'),
(128, 'Oda Ebert', 'spinka.gideon@example.net', '2020-10-25 19:50:06', '$2y$10$92IXUNpkjO0rOQ5byMi.Ye4oKoEa3Ro9llC/.og/at2.uheWG/igi', 'jD3kndl9LQ', '2020-10-25 19:50:12', '2020-10-25 19:50:12'),
(129, 'Ashley Green', 'michel02@example.net', '2020-10-25 19:50:06', '$2y$10$92IXUNpkjO0rOQ5byMi.Ye4oKoEa3Ro9llC/.og/at2.uheWG/igi', '8GGw3yAL7N', '2020-10-25 19:50:12', '2020-10-25 19:50:12'),
(130, 'Jeremie Zboncak', 'morton07@example.net', '2020-10-25 19:50:06', '$2y$10$92IXUNpkjO0rOQ5byMi.Ye4oKoEa3Ro9llC/.og/at2.uheWG/igi', '4UTwNbqaZA', '2020-10-25 19:50:12', '2020-10-25 19:50:12'),
(131, 'Miss Natalie Legros DDS', 'glenna24@example.net', '2020-10-25 19:50:06', '$2y$10$92IXUNpkjO0rOQ5byMi.Ye4oKoEa3Ro9llC/.og/at2.uheWG/igi', 'UTJDo1QCSx', '2020-10-25 19:50:12', '2020-10-25 19:50:12'),
(132, 'Darby Hills', 'fay44@example.org', '2020-10-25 19:50:06', '$2y$10$92IXUNpkjO0rOQ5byMi.Ye4oKoEa3Ro9llC/.og/at2.uheWG/igi', 'ahL6idagYk', '2020-10-25 19:50:12', '2020-10-25 19:50:12'),
(133, 'Maxie Wehner', 'bonnie.cassin@example.com', '2020-10-25 19:50:06', '$2y$10$92IXUNpkjO0rOQ5byMi.Ye4oKoEa3Ro9llC/.og/at2.uheWG/igi', 'mtamjKRimo', '2020-10-25 19:50:12', '2020-10-25 19:50:12'),
(134, 'Andres Gerlach', 'vena.tillman@example.org', '2020-10-25 19:50:06', '$2y$10$92IXUNpkjO0rOQ5byMi.Ye4oKoEa3Ro9llC/.og/at2.uheWG/igi', 'uV2x4kcumj', '2020-10-25 19:50:13', '2020-10-25 19:50:13'),
(135, 'Jess Stracke', 'herbert.kutch@example.net', '2020-10-25 19:50:06', '$2y$10$92IXUNpkjO0rOQ5byMi.Ye4oKoEa3Ro9llC/.og/at2.uheWG/igi', 'vClXXgnrHf', '2020-10-25 19:50:13', '2020-10-25 19:50:13'),
(136, 'Daisha Wisoky Sr.', 'edeckow@example.net', '2020-10-25 19:50:06', '$2y$10$92IXUNpkjO0rOQ5byMi.Ye4oKoEa3Ro9llC/.og/at2.uheWG/igi', 'xLZDy9gGQK', '2020-10-25 19:50:13', '2020-10-25 19:50:13'),
(137, 'Ike Kunze', 'robbie.leuschke@example.com', '2020-10-25 19:50:06', '$2y$10$92IXUNpkjO0rOQ5byMi.Ye4oKoEa3Ro9llC/.og/at2.uheWG/igi', '5VbwfpuAfg', '2020-10-25 19:50:13', '2020-10-25 19:50:13'),
(138, 'Angelina Haag', 'hoppe.philip@example.com', '2020-10-25 19:50:06', '$2y$10$92IXUNpkjO0rOQ5byMi.Ye4oKoEa3Ro9llC/.og/at2.uheWG/igi', 'sWSZVlMSqY', '2020-10-25 19:50:13', '2020-10-25 19:50:13'),
(139, 'Mrs. Elfrieda Kuvalis II', 'vita.miller@example.org', '2020-10-25 19:50:06', '$2y$10$92IXUNpkjO0rOQ5byMi.Ye4oKoEa3Ro9llC/.og/at2.uheWG/igi', '5c2zbRGMig', '2020-10-25 19:50:13', '2020-10-25 19:50:13'),
(140, 'Miss Wanda Bergstrom', 'maximo.bogisich@example.com', '2020-10-25 19:50:06', '$2y$10$92IXUNpkjO0rOQ5byMi.Ye4oKoEa3Ro9llC/.og/at2.uheWG/igi', 'bs9706BjBm', '2020-10-25 19:50:13', '2020-10-25 19:50:13'),
(141, 'Prof. Kiera Baumbach', 'ikiehn@example.com', '2020-10-25 19:50:06', '$2y$10$92IXUNpkjO0rOQ5byMi.Ye4oKoEa3Ro9llC/.og/at2.uheWG/igi', 'TQCwXLc1IT', '2020-10-25 19:50:13', '2020-10-25 19:50:13'),
(142, 'Shawn Cremin', 'delpha92@example.net', '2020-10-25 19:50:06', '$2y$10$92IXUNpkjO0rOQ5byMi.Ye4oKoEa3Ro9llC/.og/at2.uheWG/igi', 'c5hkOnrDl6', '2020-10-25 19:50:13', '2020-10-25 19:50:13'),
(143, 'Prof. Elian Willms IV', 'parisian.maryjane@example.com', '2020-10-25 19:50:06', '$2y$10$92IXUNpkjO0rOQ5byMi.Ye4oKoEa3Ro9llC/.og/at2.uheWG/igi', 'xH8GLnazE4', '2020-10-25 19:50:13', '2020-10-25 19:50:13'),
(144, 'Ole Hessel', 'chaag@example.org', '2020-10-25 19:50:06', '$2y$10$92IXUNpkjO0rOQ5byMi.Ye4oKoEa3Ro9llC/.og/at2.uheWG/igi', 'KRzvddsN8y', '2020-10-25 19:50:14', '2020-10-25 19:50:14'),
(145, 'Kevon Kuvalis', 'ullrich.larue@example.org', '2020-10-25 19:50:06', '$2y$10$92IXUNpkjO0rOQ5byMi.Ye4oKoEa3Ro9llC/.og/at2.uheWG/igi', '2ZVvfntDe3', '2020-10-25 19:50:14', '2020-10-25 19:50:14'),
(146, 'Shany Weissnat', 'rossie41@example.org', '2020-10-25 19:50:06', '$2y$10$92IXUNpkjO0rOQ5byMi.Ye4oKoEa3Ro9llC/.og/at2.uheWG/igi', 'gZNxQhMccp', '2020-10-25 19:50:14', '2020-10-25 19:50:14'),
(147, 'Pattie Bruen III', 'bergstrom.wallace@example.net', '2020-10-25 19:50:06', '$2y$10$92IXUNpkjO0rOQ5byMi.Ye4oKoEa3Ro9llC/.og/at2.uheWG/igi', 'G0WfoLepTF', '2020-10-25 19:50:14', '2020-10-25 19:50:14'),
(148, 'Prof. Joey Schiller', 'dylan72@example.org', '2020-10-25 19:50:06', '$2y$10$92IXUNpkjO0rOQ5byMi.Ye4oKoEa3Ro9llC/.og/at2.uheWG/igi', 'KzQCEz3JDc', '2020-10-25 19:50:14', '2020-10-25 19:50:14'),
(149, 'Prof. Marquis Dare', 'schoen.raoul@example.net', '2020-10-25 19:50:06', '$2y$10$92IXUNpkjO0rOQ5byMi.Ye4oKoEa3Ro9llC/.og/at2.uheWG/igi', 'n8UpNIiiSG', '2020-10-25 19:50:14', '2020-10-25 19:50:14'),
(150, 'Ezekiel Fritsch', 'morris.lubowitz@example.com', '2020-10-25 19:50:06', '$2y$10$92IXUNpkjO0rOQ5byMi.Ye4oKoEa3Ro9llC/.og/at2.uheWG/igi', 'ArgrcoksFR', '2020-10-25 19:50:14', '2020-10-25 19:50:14'),
(151, 'Adela Wunsch DVM', 'belle43@example.com', '2020-10-25 19:50:06', '$2y$10$92IXUNpkjO0rOQ5byMi.Ye4oKoEa3Ro9llC/.og/at2.uheWG/igi', 'SgXz49hNAF', '2020-10-25 19:50:14', '2020-10-25 19:50:14'),
(152, 'Nia Rolfson', 'shemar08@example.org', '2020-10-25 19:50:06', '$2y$10$92IXUNpkjO0rOQ5byMi.Ye4oKoEa3Ro9llC/.og/at2.uheWG/igi', '9YV9JUd7bd', '2020-10-25 19:50:14', '2020-10-25 19:50:14'),
(153, 'Mrs. Marilou Romaguera Jr.', 'ashleigh68@example.org', '2020-10-25 19:50:06', '$2y$10$92IXUNpkjO0rOQ5byMi.Ye4oKoEa3Ro9llC/.og/at2.uheWG/igi', 'zxBZqB0JwZ', '2020-10-25 19:50:14', '2020-10-25 19:50:14'),
(154, 'Manuel Aufderhar', 'polly27@example.com', '2020-10-25 19:50:06', '$2y$10$92IXUNpkjO0rOQ5byMi.Ye4oKoEa3Ro9llC/.og/at2.uheWG/igi', 'j0HZ3brXai', '2020-10-25 19:50:14', '2020-10-25 19:50:14'),
(155, 'Prof. Raphaelle Treutel Sr.', 'corwin.casper@example.com', '2020-10-25 19:50:06', '$2y$10$92IXUNpkjO0rOQ5byMi.Ye4oKoEa3Ro9llC/.og/at2.uheWG/igi', 'Fvm6IQWFTf', '2020-10-25 19:50:14', '2020-10-25 19:50:14'),
(156, 'Dr. Brielle Kertzmann', 'lwaters@example.net', '2020-10-25 19:50:06', '$2y$10$92IXUNpkjO0rOQ5byMi.Ye4oKoEa3Ro9llC/.og/at2.uheWG/igi', 'TQR4wolcVI', '2020-10-25 19:50:14', '2020-10-25 19:50:14'),
(157, 'Mr. Estevan O\'Kon II', 'ymurphy@example.com', '2020-10-25 19:50:06', '$2y$10$92IXUNpkjO0rOQ5byMi.Ye4oKoEa3Ro9llC/.og/at2.uheWG/igi', 'gDNyHiBOqQ', '2020-10-25 19:50:14', '2020-10-25 19:50:14'),
(158, 'Camila Hahn II', 'blick.salvatore@example.net', '2020-10-25 19:50:06', '$2y$10$92IXUNpkjO0rOQ5byMi.Ye4oKoEa3Ro9llC/.og/at2.uheWG/igi', 'Qu0RDSnN6L', '2020-10-25 19:50:14', '2020-10-25 19:50:14'),
(159, 'Antwan Hintz', 'gorczany.norma@example.org', '2020-10-25 19:50:06', '$2y$10$92IXUNpkjO0rOQ5byMi.Ye4oKoEa3Ro9llC/.og/at2.uheWG/igi', 'AJZQSdZYdA', '2020-10-25 19:50:14', '2020-10-25 19:50:14'),
(160, 'Felix Sipes', 'arunolfsdottir@example.net', '2020-10-25 19:50:06', '$2y$10$92IXUNpkjO0rOQ5byMi.Ye4oKoEa3Ro9llC/.og/at2.uheWG/igi', 'RmFeeTkOmB', '2020-10-25 19:50:14', '2020-10-25 19:50:14'),
(161, 'Prof. Soledad Rice', 'dorn@example.com', '2020-10-25 19:50:06', '$2y$10$92IXUNpkjO0rOQ5byMi.Ye4oKoEa3Ro9llC/.og/at2.uheWG/igi', 'XOXB9q3NyT', '2020-10-25 19:50:14', '2020-10-25 19:50:14'),
(162, 'Andrew Pouros II', 'thompson.rodrick@example.net', '2020-10-25 19:50:06', '$2y$10$92IXUNpkjO0rOQ5byMi.Ye4oKoEa3Ro9llC/.og/at2.uheWG/igi', 'JkgwjmEBwP', '2020-10-25 19:50:14', '2020-10-25 19:50:14'),
(163, 'Guadalupe Stiedemann', 'bernier.emilio@example.org', '2020-10-25 19:50:06', '$2y$10$92IXUNpkjO0rOQ5byMi.Ye4oKoEa3Ro9llC/.og/at2.uheWG/igi', 'PZnMp7RSlt', '2020-10-25 19:50:14', '2020-10-25 19:50:14'),
(164, 'Miss Jacklyn Abshire', 'bosco.yvonne@example.org', '2020-10-25 19:50:06', '$2y$10$92IXUNpkjO0rOQ5byMi.Ye4oKoEa3Ro9llC/.og/at2.uheWG/igi', 'zjg9KqZU25', '2020-10-25 19:50:15', '2020-10-25 19:50:15'),
(165, 'Kurtis Baumbach', 'kbechtelar@example.org', '2020-10-25 19:50:06', '$2y$10$92IXUNpkjO0rOQ5byMi.Ye4oKoEa3Ro9llC/.og/at2.uheWG/igi', 'ZUjqVGTd1T', '2020-10-25 19:50:15', '2020-10-25 19:50:15'),
(166, 'Mr. Jimmie Mayert I', 'marion.zieme@example.org', '2020-10-25 19:50:06', '$2y$10$92IXUNpkjO0rOQ5byMi.Ye4oKoEa3Ro9llC/.og/at2.uheWG/igi', 'b10FdD03Tj', '2020-10-25 19:50:15', '2020-10-25 19:50:15'),
(167, 'Bertrand Blick', 'ihoeger@example.com', '2020-10-25 19:50:06', '$2y$10$92IXUNpkjO0rOQ5byMi.Ye4oKoEa3Ro9llC/.og/at2.uheWG/igi', 'Vi6e4MNwxO', '2020-10-25 19:50:15', '2020-10-25 19:50:15'),
(168, 'Ambrose Erdman', 'clyde.powlowski@example.com', '2020-10-25 19:50:06', '$2y$10$92IXUNpkjO0rOQ5byMi.Ye4oKoEa3Ro9llC/.og/at2.uheWG/igi', 'NTXuQ8ci1I', '2020-10-25 19:50:15', '2020-10-25 19:50:15'),
(169, 'Marlen Gorczany', 'jones.reta@example.net', '2020-10-25 19:50:06', '$2y$10$92IXUNpkjO0rOQ5byMi.Ye4oKoEa3Ro9llC/.og/at2.uheWG/igi', 'JQJxjFX1JS', '2020-10-25 19:50:15', '2020-10-25 19:50:15'),
(170, 'Mustafa Hammes', 'mvolkman@example.com', '2020-10-25 19:50:06', '$2y$10$92IXUNpkjO0rOQ5byMi.Ye4oKoEa3Ro9llC/.og/at2.uheWG/igi', 'jgLIMaX3I4', '2020-10-25 19:50:15', '2020-10-25 19:50:15'),
(171, 'Dejuan White', 'helen63@example.com', '2020-10-25 19:50:06', '$2y$10$92IXUNpkjO0rOQ5byMi.Ye4oKoEa3Ro9llC/.og/at2.uheWG/igi', 'iz1Mb8dU9J', '2020-10-25 19:50:15', '2020-10-25 19:50:15'),
(172, 'Korbin Schaden', 'wava73@example.org', '2020-10-25 19:50:06', '$2y$10$92IXUNpkjO0rOQ5byMi.Ye4oKoEa3Ro9llC/.og/at2.uheWG/igi', 'dnLZvIjXDp', '2020-10-25 19:50:15', '2020-10-25 19:50:15'),
(173, 'Mrs. Jessika Wyman DDS', 'will.hartmann@example.com', '2020-10-25 19:50:06', '$2y$10$92IXUNpkjO0rOQ5byMi.Ye4oKoEa3Ro9llC/.og/at2.uheWG/igi', 'r75Sy0uPIS', '2020-10-25 19:50:15', '2020-10-25 19:50:15'),
(174, 'Prof. Monica Schiller PhD', 'shields.cicero@example.net', '2020-10-25 19:50:06', '$2y$10$92IXUNpkjO0rOQ5byMi.Ye4oKoEa3Ro9llC/.og/at2.uheWG/igi', 'fCjBrxpq5t', '2020-10-25 19:50:15', '2020-10-25 19:50:15'),
(175, 'Jaida Moen Jr.', 'bschmeler@example.net', '2020-10-25 19:50:06', '$2y$10$92IXUNpkjO0rOQ5byMi.Ye4oKoEa3Ro9llC/.og/at2.uheWG/igi', 'oO6dt5KP0K', '2020-10-25 19:50:15', '2020-10-25 19:50:15'),
(176, 'Dina Walker', 'gbuckridge@example.com', '2020-10-25 19:50:06', '$2y$10$92IXUNpkjO0rOQ5byMi.Ye4oKoEa3Ro9llC/.og/at2.uheWG/igi', 'OBgOHbU2fP', '2020-10-25 19:50:15', '2020-10-25 19:50:15'),
(177, 'Miss Rachelle Smitham', 'roob.gene@example.com', '2020-10-25 19:50:06', '$2y$10$92IXUNpkjO0rOQ5byMi.Ye4oKoEa3Ro9llC/.og/at2.uheWG/igi', 'wTHn7ulYRj', '2020-10-25 19:50:15', '2020-10-25 19:50:15'),
(178, 'Jose Monahan', 'ohara.emmie@example.org', '2020-10-25 19:50:06', '$2y$10$92IXUNpkjO0rOQ5byMi.Ye4oKoEa3Ro9llC/.og/at2.uheWG/igi', 'daMjLez3Yu', '2020-10-25 19:50:15', '2020-10-25 19:50:15'),
(179, 'Ardith Hammes', 'denesik.brenda@example.com', '2020-10-25 19:50:06', '$2y$10$92IXUNpkjO0rOQ5byMi.Ye4oKoEa3Ro9llC/.og/at2.uheWG/igi', '95466N8fpp', '2020-10-25 19:50:15', '2020-10-25 19:50:15'),
(180, 'Mr. Mauricio Gorczany', 'tabitha.hagenes@example.com', '2020-10-25 19:50:06', '$2y$10$92IXUNpkjO0rOQ5byMi.Ye4oKoEa3Ro9llC/.og/at2.uheWG/igi', 'OG9aIcNrJT', '2020-10-25 19:50:15', '2020-10-25 19:50:15'),
(181, 'Bridgette Marks', 'fadel.favian@example.com', '2020-10-25 19:50:06', '$2y$10$92IXUNpkjO0rOQ5byMi.Ye4oKoEa3Ro9llC/.og/at2.uheWG/igi', 'vjyz5hjUmi', '2020-10-25 19:50:15', '2020-10-25 19:50:15'),
(182, 'Mr. Corbin Wolf', 'danielle.steuber@example.com', '2020-10-25 19:50:06', '$2y$10$92IXUNpkjO0rOQ5byMi.Ye4oKoEa3Ro9llC/.og/at2.uheWG/igi', 'okhPazyHaH', '2020-10-25 19:50:15', '2020-10-25 19:50:15'),
(183, 'Prof. Madilyn Flatley Jr.', 'koss.carleton@example.com', '2020-10-25 19:50:06', '$2y$10$92IXUNpkjO0rOQ5byMi.Ye4oKoEa3Ro9llC/.og/at2.uheWG/igi', 'zFad8EX4re', '2020-10-25 19:50:15', '2020-10-25 19:50:15'),
(184, 'Francis Durgan III', 'ryleigh77@example.net', '2020-10-25 19:50:06', '$2y$10$92IXUNpkjO0rOQ5byMi.Ye4oKoEa3Ro9llC/.og/at2.uheWG/igi', 'WypZx3qAai', '2020-10-25 19:50:15', '2020-10-25 19:50:15'),
(185, 'Miss Cecelia Langworth PhD', 'wilmer58@example.org', '2020-10-25 19:50:06', '$2y$10$92IXUNpkjO0rOQ5byMi.Ye4oKoEa3Ro9llC/.og/at2.uheWG/igi', 'GKYI4CTe1e', '2020-10-25 19:50:15', '2020-10-25 19:50:15'),
(186, 'Camryn Hermann Jr.', 'jwelch@example.net', '2020-10-25 19:50:06', '$2y$10$92IXUNpkjO0rOQ5byMi.Ye4oKoEa3Ro9llC/.og/at2.uheWG/igi', 'l4qo3wSIdk', '2020-10-25 19:50:15', '2020-10-25 19:50:15'),
(187, 'Winnifred Hodkiewicz', 'welch.abdiel@example.org', '2020-10-25 19:50:06', '$2y$10$92IXUNpkjO0rOQ5byMi.Ye4oKoEa3Ro9llC/.og/at2.uheWG/igi', 'HNPzZf8f6w', '2020-10-25 19:50:15', '2020-10-25 19:50:15'),
(188, 'Roma White IV', 'wwolf@example.net', '2020-10-25 19:50:06', '$2y$10$92IXUNpkjO0rOQ5byMi.Ye4oKoEa3Ro9llC/.og/at2.uheWG/igi', 'g23GrqJmvq', '2020-10-25 19:50:15', '2020-10-25 19:50:15'),
(189, 'Cloyd Olson', 'dschowalter@example.net', '2020-10-25 19:50:06', '$2y$10$92IXUNpkjO0rOQ5byMi.Ye4oKoEa3Ro9llC/.og/at2.uheWG/igi', '0Eab4CJgVL', '2020-10-25 19:50:16', '2020-10-25 19:50:16'),
(190, 'Melyna Fay', 'rodrigo73@example.org', '2020-10-25 19:50:06', '$2y$10$92IXUNpkjO0rOQ5byMi.Ye4oKoEa3Ro9llC/.og/at2.uheWG/igi', 'Y7gi0Hmy6N', '2020-10-25 19:50:16', '2020-10-25 19:50:16'),
(191, 'Miss Samanta Wunsch Jr.', 'rosemary.wilkinson@example.com', '2020-10-25 19:50:06', '$2y$10$92IXUNpkjO0rOQ5byMi.Ye4oKoEa3Ro9llC/.og/at2.uheWG/igi', '0jjcyARK6q', '2020-10-25 19:50:16', '2020-10-25 19:50:16'),
(192, 'Patrick Veum II', 'immanuel.legros@example.org', '2020-10-25 19:50:06', '$2y$10$92IXUNpkjO0rOQ5byMi.Ye4oKoEa3Ro9llC/.og/at2.uheWG/igi', 'jlDBHAPjK7', '2020-10-25 19:50:16', '2020-10-25 19:50:16'),
(193, 'Bailee Dicki', 'clyde.williamson@example.org', '2020-10-25 19:50:06', '$2y$10$92IXUNpkjO0rOQ5byMi.Ye4oKoEa3Ro9llC/.og/at2.uheWG/igi', '7q1Zo5jAmG', '2020-10-25 19:50:16', '2020-10-25 19:50:16'),
(194, 'Pascale Schulist', 'emerson.stamm@example.net', '2020-10-25 19:50:06', '$2y$10$92IXUNpkjO0rOQ5byMi.Ye4oKoEa3Ro9llC/.og/at2.uheWG/igi', 'bPWIz1wLYh', '2020-10-25 19:50:16', '2020-10-25 19:50:16'),
(195, 'Mr. Deshaun Grady', 'fisher.vernice@example.com', '2020-10-25 19:50:06', '$2y$10$92IXUNpkjO0rOQ5byMi.Ye4oKoEa3Ro9llC/.og/at2.uheWG/igi', 'IpdaPoC2iu', '2020-10-25 19:50:16', '2020-10-25 19:50:16'),
(196, 'Susanna Frami', 'hintz.keon@example.org', '2020-10-25 19:50:06', '$2y$10$92IXUNpkjO0rOQ5byMi.Ye4oKoEa3Ro9llC/.og/at2.uheWG/igi', 'eBFK76AY9k', '2020-10-25 19:50:16', '2020-10-25 19:50:16'),
(197, 'Luciano Sanford', 'howell.kyleigh@example.net', '2020-10-25 19:50:06', '$2y$10$92IXUNpkjO0rOQ5byMi.Ye4oKoEa3Ro9llC/.og/at2.uheWG/igi', '3NIbWfbTMG', '2020-10-25 19:50:16', '2020-10-25 19:50:16'),
(198, 'Reta Mueller', 'humberto54@example.org', '2020-10-25 19:50:06', '$2y$10$92IXUNpkjO0rOQ5byMi.Ye4oKoEa3Ro9llC/.og/at2.uheWG/igi', 'i67CrzmdlH', '2020-10-25 19:50:16', '2020-10-25 19:50:16'),
(199, 'Julian Koelpin Jr.', 'mcglynn.orlando@example.org', '2020-10-25 19:50:06', '$2y$10$92IXUNpkjO0rOQ5byMi.Ye4oKoEa3Ro9llC/.og/at2.uheWG/igi', 'QpIzbFqtye', '2020-10-25 19:50:16', '2020-10-25 19:50:16'),
(200, 'Ross Von DDS', 'olson.raven@example.org', '2020-10-25 19:50:06', '$2y$10$92IXUNpkjO0rOQ5byMi.Ye4oKoEa3Ro9llC/.og/at2.uheWG/igi', 'LWpesQtmsv', '2020-10-25 19:50:16', '2020-10-25 19:50:16'),
(201, 'Ms. Laurie Baumbach DVM', 'qbrekke@example.net', '2020-10-25 19:50:06', '$2y$10$92IXUNpkjO0rOQ5byMi.Ye4oKoEa3Ro9llC/.og/at2.uheWG/igi', 'yPlp7ITLAC', '2020-10-25 19:50:16', '2020-10-25 19:50:16'),
(202, 'Brooke O\'Connell II', 'johnathan.bartoletti@example.org', '2020-10-25 19:50:06', '$2y$10$92IXUNpkjO0rOQ5byMi.Ye4oKoEa3Ro9llC/.og/at2.uheWG/igi', 'BdHEfMAbKP', '2020-10-25 19:50:16', '2020-10-25 19:50:16'),
(203, 'Dr. Buddy Pagac Jr.', 'qbins@example.net', '2020-10-25 19:50:06', '$2y$10$92IXUNpkjO0rOQ5byMi.Ye4oKoEa3Ro9llC/.og/at2.uheWG/igi', 't1qtLCNzCm', '2020-10-25 19:50:16', '2020-10-25 19:50:16'),
(204, 'Nestor Wiegand Jr.', 'mwilderman@example.org', '2020-10-25 19:50:06', '$2y$10$92IXUNpkjO0rOQ5byMi.Ye4oKoEa3Ro9llC/.og/at2.uheWG/igi', 'iMrJWcIl9v', '2020-10-25 19:50:16', '2020-10-25 19:50:16'),
(205, 'Abdiel Spinka', 'marianne32@example.org', '2020-10-25 19:50:06', '$2y$10$92IXUNpkjO0rOQ5byMi.Ye4oKoEa3Ro9llC/.og/at2.uheWG/igi', 'dxBJaLWFOm', '2020-10-25 19:50:16', '2020-10-25 19:50:16'),
(206, 'Melisa Labadie', 'lswaniawski@example.com', '2020-10-25 19:50:06', '$2y$10$92IXUNpkjO0rOQ5byMi.Ye4oKoEa3Ro9llC/.og/at2.uheWG/igi', '5DkDXeVr4h', '2020-10-25 19:50:16', '2020-10-25 19:50:16'),
(207, 'Miss Cristal Schmidt III', 'juanita33@example.net', '2020-10-25 19:50:06', '$2y$10$92IXUNpkjO0rOQ5byMi.Ye4oKoEa3Ro9llC/.og/at2.uheWG/igi', 'Qqw7ybTWUD', '2020-10-25 19:50:16', '2020-10-25 19:50:16'),
(208, 'Bryana Schimmel', 'runte.rossie@example.com', '2020-10-25 19:50:06', '$2y$10$92IXUNpkjO0rOQ5byMi.Ye4oKoEa3Ro9llC/.og/at2.uheWG/igi', 'W4mknCAFKo', '2020-10-25 19:50:16', '2020-10-25 19:50:16'),
(209, 'Morgan Kuhn', 'keyshawn86@example.net', '2020-10-25 19:50:06', '$2y$10$92IXUNpkjO0rOQ5byMi.Ye4oKoEa3Ro9llC/.og/at2.uheWG/igi', 'WhgsmpO0Ay', '2020-10-25 19:50:16', '2020-10-25 19:50:16'),
(210, 'Mr. Hadley Nader II', 'bianka23@example.net', '2020-10-25 19:50:06', '$2y$10$92IXUNpkjO0rOQ5byMi.Ye4oKoEa3Ro9llC/.og/at2.uheWG/igi', 'tOybmqG617', '2020-10-25 19:50:16', '2020-10-25 19:50:16'),
(211, 'Shaylee Wiza I', 'kuphal.mercedes@example.org', '2020-10-25 19:50:06', '$2y$10$92IXUNpkjO0rOQ5byMi.Ye4oKoEa3Ro9llC/.og/at2.uheWG/igi', 'Ra5g3cesiS', '2020-10-25 19:50:16', '2020-10-25 19:50:16'),
(212, 'Retta Robel', 'colten78@example.net', '2020-10-25 19:50:06', '$2y$10$92IXUNpkjO0rOQ5byMi.Ye4oKoEa3Ro9llC/.og/at2.uheWG/igi', 'tH1Rh883SF', '2020-10-25 19:50:16', '2020-10-25 19:50:16'),
(213, 'Juston Orn', 'fausto.okon@example.com', '2020-10-25 19:50:06', '$2y$10$92IXUNpkjO0rOQ5byMi.Ye4oKoEa3Ro9llC/.og/at2.uheWG/igi', 'quYYFO8a9D', '2020-10-25 19:50:17', '2020-10-25 19:50:17'),
(214, 'Mr. Deshaun Hayes', 'mdooley@example.org', '2020-10-25 19:50:06', '$2y$10$92IXUNpkjO0rOQ5byMi.Ye4oKoEa3Ro9llC/.og/at2.uheWG/igi', '3bYS6tNCsa', '2020-10-25 19:50:17', '2020-10-25 19:50:17'),
(215, 'Mr. Chester Schiller', 'elissa31@example.com', '2020-10-25 19:50:06', '$2y$10$92IXUNpkjO0rOQ5byMi.Ye4oKoEa3Ro9llC/.og/at2.uheWG/igi', 'rMUL7DYeOU', '2020-10-25 19:50:17', '2020-10-25 19:50:17'),
(216, 'Tomasa Tillman Sr.', 'qkovacek@example.net', '2020-10-25 19:50:06', '$2y$10$92IXUNpkjO0rOQ5byMi.Ye4oKoEa3Ro9llC/.og/at2.uheWG/igi', 'gxJ9SFZkhZ', '2020-10-25 19:50:17', '2020-10-25 19:50:17'),
(217, 'Cordie Rutherford', 'madelyn76@example.com', '2020-10-25 19:50:06', '$2y$10$92IXUNpkjO0rOQ5byMi.Ye4oKoEa3Ro9llC/.og/at2.uheWG/igi', 'cnElBcNLbq', '2020-10-25 19:50:17', '2020-10-25 19:50:17'),
(218, 'Darius Olson DDS', 'davin05@example.com', '2020-10-25 19:50:06', '$2y$10$92IXUNpkjO0rOQ5byMi.Ye4oKoEa3Ro9llC/.og/at2.uheWG/igi', 'u5bwo4HmYr', '2020-10-25 19:50:17', '2020-10-25 19:50:17'),
(219, 'Cade McClure', 'abalistreri@example.com', '2020-10-25 19:50:06', '$2y$10$92IXUNpkjO0rOQ5byMi.Ye4oKoEa3Ro9llC/.og/at2.uheWG/igi', 'ilcg3nYBEo', '2020-10-25 19:50:17', '2020-10-25 19:50:17'),
(220, 'Jewel Swift', 'gkunde@example.org', '2020-10-25 19:50:06', '$2y$10$92IXUNpkjO0rOQ5byMi.Ye4oKoEa3Ro9llC/.og/at2.uheWG/igi', '0nw8NHkiB1', '2020-10-25 19:50:17', '2020-10-25 19:50:17'),
(221, 'Dr. Michale Kessler', 'clark10@example.com', '2020-10-25 19:50:06', '$2y$10$92IXUNpkjO0rOQ5byMi.Ye4oKoEa3Ro9llC/.og/at2.uheWG/igi', 'vm2YbrmBLo', '2020-10-25 19:50:17', '2020-10-25 19:50:17'),
(222, 'Miss Magnolia Willms III', 'pdaniel@example.org', '2020-10-25 19:50:06', '$2y$10$92IXUNpkjO0rOQ5byMi.Ye4oKoEa3Ro9llC/.og/at2.uheWG/igi', 'FYxmNh9Pc3', '2020-10-25 19:50:17', '2020-10-25 19:50:17'),
(223, 'Miss Cecilia Sporer DDS', 'mateo20@example.com', '2020-10-25 19:50:06', '$2y$10$92IXUNpkjO0rOQ5byMi.Ye4oKoEa3Ro9llC/.og/at2.uheWG/igi', 'u3tbYzMAtm', '2020-10-25 19:50:17', '2020-10-25 19:50:17'),
(224, 'Muhammad Pouros', 'berenice91@example.org', '2020-10-25 19:50:06', '$2y$10$92IXUNpkjO0rOQ5byMi.Ye4oKoEa3Ro9llC/.og/at2.uheWG/igi', 'E6M0U25IRn', '2020-10-25 19:50:17', '2020-10-25 19:50:17'),
(225, 'Ms. Thalia Cummerata PhD', 'ed52@example.net', '2020-10-25 19:50:06', '$2y$10$92IXUNpkjO0rOQ5byMi.Ye4oKoEa3Ro9llC/.og/at2.uheWG/igi', '8cMlzyCOJk', '2020-10-25 19:50:17', '2020-10-25 19:50:17'),
(226, 'Haleigh Hilpert', 'ufisher@example.com', '2020-10-25 19:50:06', '$2y$10$92IXUNpkjO0rOQ5byMi.Ye4oKoEa3Ro9llC/.og/at2.uheWG/igi', '6PcWjjcey9', '2020-10-25 19:50:17', '2020-10-25 19:50:17'),
(227, 'Citlalli Littel', 'dorothea57@example.com', '2020-10-25 19:50:06', '$2y$10$92IXUNpkjO0rOQ5byMi.Ye4oKoEa3Ro9llC/.og/at2.uheWG/igi', 'pkB1ZtoZz5', '2020-10-25 19:50:17', '2020-10-25 19:50:17'),
(228, 'Blaze Cremin', 'sonny.swift@example.com', '2020-10-25 19:50:06', '$2y$10$92IXUNpkjO0rOQ5byMi.Ye4oKoEa3Ro9llC/.og/at2.uheWG/igi', 'OlPAwnSiL9', '2020-10-25 19:50:17', '2020-10-25 19:50:17'),
(229, 'Madisen Boehm', 'gibson.carlotta@example.org', '2020-10-25 19:50:06', '$2y$10$92IXUNpkjO0rOQ5byMi.Ye4oKoEa3Ro9llC/.og/at2.uheWG/igi', 'jM4LqJDh2r', '2020-10-25 19:50:17', '2020-10-25 19:50:17'),
(230, 'Ms. Martina Hintz MD', 'lwehner@example.com', '2020-10-25 19:50:06', '$2y$10$92IXUNpkjO0rOQ5byMi.Ye4oKoEa3Ro9llC/.og/at2.uheWG/igi', 'SiJcMBLkgC', '2020-10-25 19:50:17', '2020-10-25 19:50:17'),
(231, 'Tyrell Rodriguez', 'olson.francisca@example.org', '2020-10-25 19:50:06', '$2y$10$92IXUNpkjO0rOQ5byMi.Ye4oKoEa3Ro9llC/.og/at2.uheWG/igi', 'LMLu6v5vOp', '2020-10-25 19:50:17', '2020-10-25 19:50:17'),
(232, 'Nichole Ankunding III', 'marlon22@example.org', '2020-10-25 19:50:06', '$2y$10$92IXUNpkjO0rOQ5byMi.Ye4oKoEa3Ro9llC/.og/at2.uheWG/igi', 'VoPZqeoINU', '2020-10-25 19:50:18', '2020-10-25 19:50:18'),
(233, 'Immanuel Kutch', 'thea.vonrueden@example.com', '2020-10-25 19:50:06', '$2y$10$92IXUNpkjO0rOQ5byMi.Ye4oKoEa3Ro9llC/.og/at2.uheWG/igi', 'GhrTUGLGiD', '2020-10-25 19:50:18', '2020-10-25 19:50:18'),
(234, 'Theodore Champlin', 'rcollier@example.com', '2020-10-25 19:50:06', '$2y$10$92IXUNpkjO0rOQ5byMi.Ye4oKoEa3Ro9llC/.og/at2.uheWG/igi', 'iNX08XUFmZ', '2020-10-25 19:50:18', '2020-10-25 19:50:18'),
(235, 'Riley Koelpin', 'anabel.greenholt@example.com', '2020-10-25 19:50:06', '$2y$10$92IXUNpkjO0rOQ5byMi.Ye4oKoEa3Ro9llC/.og/at2.uheWG/igi', 'Y38bE3gFeW', '2020-10-25 19:50:18', '2020-10-25 19:50:18'),
(236, 'Prof. Jaleel Keeling MD', 'arvid.denesik@example.com', '2020-10-25 19:50:06', '$2y$10$92IXUNpkjO0rOQ5byMi.Ye4oKoEa3Ro9llC/.og/at2.uheWG/igi', 'AqptaXkJJf', '2020-10-25 19:50:18', '2020-10-25 19:50:18'),
(237, 'Laura Paucek', 'alicia.tromp@example.com', '2020-10-25 19:50:06', '$2y$10$92IXUNpkjO0rOQ5byMi.Ye4oKoEa3Ro9llC/.og/at2.uheWG/igi', 'mt1Or7OfZF', '2020-10-25 19:50:18', '2020-10-25 19:50:18'),
(238, 'Mallory Senger', 'sherwood58@example.net', '2020-10-25 19:50:06', '$2y$10$92IXUNpkjO0rOQ5byMi.Ye4oKoEa3Ro9llC/.og/at2.uheWG/igi', 'yEElChkbNv', '2020-10-25 19:50:18', '2020-10-25 19:50:18'),
(239, 'Vada Glover', 'geraldine.kshlerin@example.org', '2020-10-25 19:50:06', '$2y$10$92IXUNpkjO0rOQ5byMi.Ye4oKoEa3Ro9llC/.og/at2.uheWG/igi', 'q8Gbpia5W0', '2020-10-25 19:50:18', '2020-10-25 19:50:18'),
(240, 'Mikayla O\'Kon', 'cale.cronin@example.org', '2020-10-25 19:50:06', '$2y$10$92IXUNpkjO0rOQ5byMi.Ye4oKoEa3Ro9llC/.og/at2.uheWG/igi', 'Zuj973ekMu', '2020-10-25 19:50:18', '2020-10-25 19:50:18'),
(241, 'Ava Bergnaum', 'strosin.anibal@example.net', '2020-10-25 19:50:06', '$2y$10$92IXUNpkjO0rOQ5byMi.Ye4oKoEa3Ro9llC/.og/at2.uheWG/igi', 'pgCNN2avkD', '2020-10-25 19:50:18', '2020-10-25 19:50:18'),
(242, 'Prof. Luigi Champlin DVM', 'hoppe.jayne@example.com', '2020-10-25 19:50:06', '$2y$10$92IXUNpkjO0rOQ5byMi.Ye4oKoEa3Ro9llC/.og/at2.uheWG/igi', '1H9uxMMyuL', '2020-10-25 19:50:18', '2020-10-25 19:50:18'),
(243, 'Miss Noemi Heaney', 'wintheiser.leanna@example.net', '2020-10-25 19:50:06', '$2y$10$92IXUNpkjO0rOQ5byMi.Ye4oKoEa3Ro9llC/.og/at2.uheWG/igi', 'Zc6g6c5mCF', '2020-10-25 19:50:18', '2020-10-25 19:50:18'),
(244, 'Herta Kshlerin', 'anabel56@example.org', '2020-10-25 19:50:06', '$2y$10$92IXUNpkjO0rOQ5byMi.Ye4oKoEa3Ro9llC/.og/at2.uheWG/igi', 'pmKXOfWbKo', '2020-10-25 19:50:18', '2020-10-25 19:50:18'),
(245, 'Shyann Breitenberg', 'virginia72@example.org', '2020-10-25 19:50:06', '$2y$10$92IXUNpkjO0rOQ5byMi.Ye4oKoEa3Ro9llC/.og/at2.uheWG/igi', 'S3ekSjhUDn', '2020-10-25 19:50:19', '2020-10-25 19:50:19'),
(246, 'Mr. Larue O\'Conner', 'ppacocha@example.net', '2020-10-25 19:50:06', '$2y$10$92IXUNpkjO0rOQ5byMi.Ye4oKoEa3Ro9llC/.og/at2.uheWG/igi', 'MkiOm0XPJH', '2020-10-25 19:50:19', '2020-10-25 19:50:19'),
(247, 'Ms. Vita Bednar Jr.', 'rasheed.cremin@example.com', '2020-10-25 19:50:06', '$2y$10$92IXUNpkjO0rOQ5byMi.Ye4oKoEa3Ro9llC/.og/at2.uheWG/igi', 'y4tCwQQpNx', '2020-10-25 19:50:19', '2020-10-25 19:50:19'),
(248, 'Sydnee Koch Jr.', 'hickle.torrance@example.com', '2020-10-25 19:50:06', '$2y$10$92IXUNpkjO0rOQ5byMi.Ye4oKoEa3Ro9llC/.og/at2.uheWG/igi', 'tOfEIor579', '2020-10-25 19:50:19', '2020-10-25 19:50:19'),
(249, 'Brett Will', 'nasir.bernier@example.com', '2020-10-25 19:50:06', '$2y$10$92IXUNpkjO0rOQ5byMi.Ye4oKoEa3Ro9llC/.og/at2.uheWG/igi', 'rBW3rHiqMO', '2020-10-25 19:50:19', '2020-10-25 19:50:19'),
(250, 'Prof. Brandy Mills', 'zulauf.jordan@example.net', '2020-10-25 19:50:06', '$2y$10$92IXUNpkjO0rOQ5byMi.Ye4oKoEa3Ro9llC/.og/at2.uheWG/igi', 'w4Fz6ITM0J', '2020-10-25 19:50:19', '2020-10-25 19:50:19'),
(251, 'Ms. Myra Kassulke IV', 'stephen30@example.com', '2020-10-25 19:50:06', '$2y$10$92IXUNpkjO0rOQ5byMi.Ye4oKoEa3Ro9llC/.og/at2.uheWG/igi', 'lPxbxIl3t0', '2020-10-25 19:50:19', '2020-10-25 19:50:19');
INSERT INTO `users` (`id`, `name`, `email`, `email_verified_at`, `password`, `remember_token`, `created_at`, `updated_at`) VALUES
(252, 'Miss Bonita McCullough', 'anahi76@example.net', '2020-10-25 19:50:06', '$2y$10$92IXUNpkjO0rOQ5byMi.Ye4oKoEa3Ro9llC/.og/at2.uheWG/igi', 'Uj5oxeyt0D', '2020-10-25 19:50:19', '2020-10-25 19:50:19'),
(253, 'Gracie Predovic', 'qmurazik@example.net', '2020-10-25 19:50:06', '$2y$10$92IXUNpkjO0rOQ5byMi.Ye4oKoEa3Ro9llC/.og/at2.uheWG/igi', 'Z8iDO94b6E', '2020-10-25 19:50:19', '2020-10-25 19:50:19'),
(254, 'Margret Rolfson III', 'rolfson.jude@example.net', '2020-10-25 19:50:06', '$2y$10$92IXUNpkjO0rOQ5byMi.Ye4oKoEa3Ro9llC/.og/at2.uheWG/igi', '8I7dfYDQTa', '2020-10-25 19:50:19', '2020-10-25 19:50:19'),
(255, 'Jalen Brakus DDS', 'alexie.mccullough@example.org', '2020-10-25 19:50:06', '$2y$10$92IXUNpkjO0rOQ5byMi.Ye4oKoEa3Ro9llC/.og/at2.uheWG/igi', 'p1Fk0Y97QM', '2020-10-25 19:50:19', '2020-10-25 19:50:19'),
(256, 'Jesus Turcotte PhD', 'moses63@example.net', '2020-10-25 19:50:06', '$2y$10$92IXUNpkjO0rOQ5byMi.Ye4oKoEa3Ro9llC/.og/at2.uheWG/igi', 'sLhCPhMzDN', '2020-10-25 19:50:19', '2020-10-25 19:50:19'),
(257, 'Mrs. Bette Keebler', 'ariane.schowalter@example.com', '2020-10-25 19:50:06', '$2y$10$92IXUNpkjO0rOQ5byMi.Ye4oKoEa3Ro9llC/.og/at2.uheWG/igi', 'o9RSMJcc9N', '2020-10-25 19:50:19', '2020-10-25 19:50:19'),
(258, 'Dianna Dicki', 'bschmidt@example.org', '2020-10-25 19:50:06', '$2y$10$92IXUNpkjO0rOQ5byMi.Ye4oKoEa3Ro9llC/.og/at2.uheWG/igi', '4KHzFSu4oh', '2020-10-25 19:50:19', '2020-10-25 19:50:19'),
(259, 'Eleonore Morar DVM', 'bmaggio@example.net', '2020-10-25 19:50:06', '$2y$10$92IXUNpkjO0rOQ5byMi.Ye4oKoEa3Ro9llC/.og/at2.uheWG/igi', 'iguYyufs7L', '2020-10-25 19:50:19', '2020-10-25 19:50:19'),
(260, 'Mr. Tomas Sanford II', 'beahan.xavier@example.org', '2020-10-25 19:50:06', '$2y$10$92IXUNpkjO0rOQ5byMi.Ye4oKoEa3Ro9llC/.og/at2.uheWG/igi', 'lnkWywVMNA', '2020-10-25 19:50:19', '2020-10-25 19:50:19'),
(261, 'Samson Leuschke', 'shayna.ohara@example.com', '2020-10-25 19:50:06', '$2y$10$92IXUNpkjO0rOQ5byMi.Ye4oKoEa3Ro9llC/.og/at2.uheWG/igi', 'amKiWyF8yV', '2020-10-25 19:50:19', '2020-10-25 19:50:19'),
(262, 'Garett Brakus DVM', 'nestor56@example.com', '2020-10-25 19:50:06', '$2y$10$92IXUNpkjO0rOQ5byMi.Ye4oKoEa3Ro9llC/.og/at2.uheWG/igi', 'vJNn6dpPEx', '2020-10-25 19:50:19', '2020-10-25 19:50:19'),
(263, 'Prof. Kyler Prosacco MD', 'swaniawski.brando@example.net', '2020-10-25 19:50:06', '$2y$10$92IXUNpkjO0rOQ5byMi.Ye4oKoEa3Ro9llC/.og/at2.uheWG/igi', 'y1TbvNIYC9', '2020-10-25 19:50:19', '2020-10-25 19:50:19'),
(264, 'Prof. Darian Abernathy', 'ygislason@example.com', '2020-10-25 19:50:06', '$2y$10$92IXUNpkjO0rOQ5byMi.Ye4oKoEa3Ro9llC/.og/at2.uheWG/igi', 'pEw1hP95iW', '2020-10-25 19:50:19', '2020-10-25 19:50:19'),
(265, 'Bernita Keebler DVM', 'waters.melany@example.org', '2020-10-25 19:50:06', '$2y$10$92IXUNpkjO0rOQ5byMi.Ye4oKoEa3Ro9llC/.og/at2.uheWG/igi', 'zS1Et65zoR', '2020-10-25 19:50:20', '2020-10-25 19:50:20'),
(266, 'Jeremy Beahan', 'schmidt.rocio@example.net', '2020-10-25 19:50:06', '$2y$10$92IXUNpkjO0rOQ5byMi.Ye4oKoEa3Ro9llC/.og/at2.uheWG/igi', 'QnBjy4w08n', '2020-10-25 19:50:20', '2020-10-25 19:50:20'),
(267, 'Delmer Ledner', 'hessel.della@example.org', '2020-10-25 19:50:06', '$2y$10$92IXUNpkjO0rOQ5byMi.Ye4oKoEa3Ro9llC/.og/at2.uheWG/igi', 'uHu3FZW5nk', '2020-10-25 19:50:20', '2020-10-25 19:50:20'),
(268, 'Carmine Haley', 'dmurphy@example.com', '2020-10-25 19:50:06', '$2y$10$92IXUNpkjO0rOQ5byMi.Ye4oKoEa3Ro9llC/.og/at2.uheWG/igi', 'Lks6NeXYkJ', '2020-10-25 19:50:20', '2020-10-25 19:50:20'),
(269, 'Prof. Deanna Blick V', 'ygusikowski@example.com', '2020-10-25 19:50:06', '$2y$10$92IXUNpkjO0rOQ5byMi.Ye4oKoEa3Ro9llC/.og/at2.uheWG/igi', 'vkjEesbRav', '2020-10-25 19:50:20', '2020-10-25 19:50:20'),
(270, 'Derrick Auer', 'liliane14@example.com', '2020-10-25 19:50:06', '$2y$10$92IXUNpkjO0rOQ5byMi.Ye4oKoEa3Ro9llC/.og/at2.uheWG/igi', 'V9TECmWgX5', '2020-10-25 19:50:20', '2020-10-25 19:50:20'),
(271, 'Kristofer Maggio', 'ullrich.shaina@example.org', '2020-10-25 19:50:06', '$2y$10$92IXUNpkjO0rOQ5byMi.Ye4oKoEa3Ro9llC/.og/at2.uheWG/igi', 'iMP186cxyn', '2020-10-25 19:50:20', '2020-10-25 19:50:20'),
(272, 'Monty Wolff', 'anne.koch@example.org', '2020-10-25 19:50:06', '$2y$10$92IXUNpkjO0rOQ5byMi.Ye4oKoEa3Ro9llC/.og/at2.uheWG/igi', 'Pj7kRwgTyC', '2020-10-25 19:50:20', '2020-10-25 19:50:20'),
(273, 'Icie Halvorson', 'nikolaus.onie@example.org', '2020-10-25 19:50:06', '$2y$10$92IXUNpkjO0rOQ5byMi.Ye4oKoEa3Ro9llC/.og/at2.uheWG/igi', 'v6KFsxvAcg', '2020-10-25 19:50:20', '2020-10-25 19:50:20'),
(274, 'Greyson Upton', 'harber.sanford@example.org', '2020-10-25 19:50:06', '$2y$10$92IXUNpkjO0rOQ5byMi.Ye4oKoEa3Ro9llC/.og/at2.uheWG/igi', 'aSiMwQDYhv', '2020-10-25 19:50:20', '2020-10-25 19:50:20'),
(275, 'Prof. Reed Beer IV', 'alysa53@example.com', '2020-10-25 19:50:06', '$2y$10$92IXUNpkjO0rOQ5byMi.Ye4oKoEa3Ro9llC/.og/at2.uheWG/igi', '6Dresb5YWy', '2020-10-25 19:50:20', '2020-10-25 19:50:20'),
(276, 'Jose Crooks', 'mohamed55@example.net', '2020-10-25 19:50:06', '$2y$10$92IXUNpkjO0rOQ5byMi.Ye4oKoEa3Ro9llC/.og/at2.uheWG/igi', 'ALow4bTN7Q', '2020-10-25 19:50:20', '2020-10-25 19:50:20'),
(277, 'Valerie Adams', 'metz.suzanne@example.com', '2020-10-25 19:50:06', '$2y$10$92IXUNpkjO0rOQ5byMi.Ye4oKoEa3Ro9llC/.og/at2.uheWG/igi', 'DxPmtIVirI', '2020-10-25 19:50:20', '2020-10-25 19:50:20'),
(278, 'Prof. Braulio Wehner', 'kiarra82@example.org', '2020-10-25 19:50:06', '$2y$10$92IXUNpkjO0rOQ5byMi.Ye4oKoEa3Ro9llC/.og/at2.uheWG/igi', 'cMTezT23bO', '2020-10-25 19:50:20', '2020-10-25 19:50:20'),
(279, 'Lia Lehner Jr.', 'carson.ward@example.org', '2020-10-25 19:50:06', '$2y$10$92IXUNpkjO0rOQ5byMi.Ye4oKoEa3Ro9llC/.og/at2.uheWG/igi', 'WiSpDrMujc', '2020-10-25 19:50:20', '2020-10-25 19:50:20'),
(280, 'Hardy Gerhold DDS', 'jaron00@example.com', '2020-10-25 19:50:06', '$2y$10$92IXUNpkjO0rOQ5byMi.Ye4oKoEa3Ro9llC/.og/at2.uheWG/igi', 'gOIiuLUYXh', '2020-10-25 19:50:20', '2020-10-25 19:50:20'),
(281, 'Sid Gleason Jr.', 'xcole@example.org', '2020-10-25 19:50:06', '$2y$10$92IXUNpkjO0rOQ5byMi.Ye4oKoEa3Ro9llC/.og/at2.uheWG/igi', 'Qhzf8eFyhM', '2020-10-25 19:50:20', '2020-10-25 19:50:20'),
(282, 'Abdullah O\'Kon', 'rratke@example.org', '2020-10-25 19:50:06', '$2y$10$92IXUNpkjO0rOQ5byMi.Ye4oKoEa3Ro9llC/.og/at2.uheWG/igi', 'c8pHwKE4o7', '2020-10-25 19:50:20', '2020-10-25 19:50:20'),
(283, 'Joana Grimes III', 'jazmyn.hills@example.org', '2020-10-25 19:50:06', '$2y$10$92IXUNpkjO0rOQ5byMi.Ye4oKoEa3Ro9llC/.og/at2.uheWG/igi', 'mVZkXYEEoc', '2020-10-25 19:50:20', '2020-10-25 19:50:20'),
(284, 'Felicity Terry', 'windler.coralie@example.org', '2020-10-25 19:50:06', '$2y$10$92IXUNpkjO0rOQ5byMi.Ye4oKoEa3Ro9llC/.og/at2.uheWG/igi', 'lIDJ5HW4Dv', '2020-10-25 19:50:20', '2020-10-25 19:50:20'),
(285, 'Fred Gorczany', 'ohuel@example.com', '2020-10-25 19:50:06', '$2y$10$92IXUNpkjO0rOQ5byMi.Ye4oKoEa3Ro9llC/.og/at2.uheWG/igi', '9bhF8FyfOF', '2020-10-25 19:50:20', '2020-10-25 19:50:20'),
(286, 'Louisa Kshlerin', 'smitchell@example.net', '2020-10-25 19:50:06', '$2y$10$92IXUNpkjO0rOQ5byMi.Ye4oKoEa3Ro9llC/.og/at2.uheWG/igi', 'As9Ysp7LpG', '2020-10-25 19:50:20', '2020-10-25 19:50:20'),
(287, 'Aliyah Schultz', 'roel59@example.net', '2020-10-25 19:50:06', '$2y$10$92IXUNpkjO0rOQ5byMi.Ye4oKoEa3Ro9llC/.og/at2.uheWG/igi', 'jHYGrBING6', '2020-10-25 19:50:20', '2020-10-25 19:50:20'),
(288, 'Kris Shanahan', 'lori.conn@example.net', '2020-10-25 19:50:06', '$2y$10$92IXUNpkjO0rOQ5byMi.Ye4oKoEa3Ro9llC/.og/at2.uheWG/igi', 'yfwLDVrZCV', '2020-10-25 19:50:20', '2020-10-25 19:50:20'),
(289, 'Valerie Cummerata', 'june.botsford@example.net', '2020-10-25 19:50:06', '$2y$10$92IXUNpkjO0rOQ5byMi.Ye4oKoEa3Ro9llC/.og/at2.uheWG/igi', 'qiRCTzYa6u', '2020-10-25 19:50:21', '2020-10-25 19:50:21'),
(290, 'Prof. Romaine Bednar V', 'kody66@example.com', '2020-10-25 19:50:06', '$2y$10$92IXUNpkjO0rOQ5byMi.Ye4oKoEa3Ro9llC/.og/at2.uheWG/igi', 'N7l1sdWNLj', '2020-10-25 19:50:21', '2020-10-25 19:50:21'),
(291, 'Savanna Jones', 'kulas.kris@example.com', '2020-10-25 19:50:06', '$2y$10$92IXUNpkjO0rOQ5byMi.Ye4oKoEa3Ro9llC/.og/at2.uheWG/igi', 'H9ZrtbSVEX', '2020-10-25 19:50:21', '2020-10-25 19:50:21'),
(292, 'Ms. Theresia Emard', 'aurelio.kessler@example.net', '2020-10-25 19:50:06', '$2y$10$92IXUNpkjO0rOQ5byMi.Ye4oKoEa3Ro9llC/.og/at2.uheWG/igi', 'Z6rVoXESWb', '2020-10-25 19:50:21', '2020-10-25 19:50:21'),
(293, 'Dr. Duane Pagac V', 'yrosenbaum@example.net', '2020-10-25 19:50:06', '$2y$10$92IXUNpkjO0rOQ5byMi.Ye4oKoEa3Ro9llC/.og/at2.uheWG/igi', 'R6ukazwsSV', '2020-10-25 19:50:21', '2020-10-25 19:50:21'),
(294, 'Sylvan Bergstrom Sr.', 'mohr.granville@example.org', '2020-10-25 19:50:06', '$2y$10$92IXUNpkjO0rOQ5byMi.Ye4oKoEa3Ro9llC/.og/at2.uheWG/igi', 'wG3cyNQvHd', '2020-10-25 19:50:21', '2020-10-25 19:50:21'),
(295, 'Mona Borer', 'tortiz@example.net', '2020-10-25 19:50:06', '$2y$10$92IXUNpkjO0rOQ5byMi.Ye4oKoEa3Ro9llC/.og/at2.uheWG/igi', 'hhwgbzlTTm', '2020-10-25 19:50:21', '2020-10-25 19:50:21'),
(296, 'Virginie White', 'aschroeder@example.net', '2020-10-25 19:50:06', '$2y$10$92IXUNpkjO0rOQ5byMi.Ye4oKoEa3Ro9llC/.og/at2.uheWG/igi', 'WDneRXKZY4', '2020-10-25 19:50:21', '2020-10-25 19:50:21'),
(297, 'Raoul Collins', 'wilhelm19@example.com', '2020-10-25 19:50:06', '$2y$10$92IXUNpkjO0rOQ5byMi.Ye4oKoEa3Ro9llC/.og/at2.uheWG/igi', '4zzHBSVVf3', '2020-10-25 19:50:21', '2020-10-25 19:50:21'),
(298, 'Reyes Langworth', 'clark38@example.org', '2020-10-25 19:50:06', '$2y$10$92IXUNpkjO0rOQ5byMi.Ye4oKoEa3Ro9llC/.og/at2.uheWG/igi', 'C1rvGSrwb9', '2020-10-25 19:50:21', '2020-10-25 19:50:21'),
(299, 'Baylee Kuhlman', 'reilly.wilfred@example.org', '2020-10-25 19:50:06', '$2y$10$92IXUNpkjO0rOQ5byMi.Ye4oKoEa3Ro9llC/.og/at2.uheWG/igi', '5GwRcKz7cq', '2020-10-25 19:50:21', '2020-10-25 19:50:21'),
(300, 'Hoyt Yost', 'vdeckow@example.net', '2020-10-25 19:50:06', '$2y$10$92IXUNpkjO0rOQ5byMi.Ye4oKoEa3Ro9llC/.og/at2.uheWG/igi', 'tdVXuqmqmc', '2020-10-25 19:50:21', '2020-10-25 19:50:21'),
(301, 'Dr. Koby Swaniawski', 'xconn@example.net', '2020-10-25 19:50:06', '$2y$10$92IXUNpkjO0rOQ5byMi.Ye4oKoEa3Ro9llC/.og/at2.uheWG/igi', 'hxnlKJWx4Z', '2020-10-25 19:50:21', '2020-10-25 19:50:21'),
(302, 'Drake Jakubowski', 'hadley.herman@example.com', '2020-10-25 19:50:06', '$2y$10$92IXUNpkjO0rOQ5byMi.Ye4oKoEa3Ro9llC/.og/at2.uheWG/igi', '26VlaSkByp', '2020-10-25 19:50:21', '2020-10-25 19:50:21'),
(303, 'Mr. Lucius Nicolas', 'edgar88@example.net', '2020-10-25 19:50:06', '$2y$10$92IXUNpkjO0rOQ5byMi.Ye4oKoEa3Ro9llC/.og/at2.uheWG/igi', 'ak60VrP0DN', '2020-10-25 19:50:21', '2020-10-25 19:50:21'),
(304, 'Mr. Constantin Koepp V', 'andres70@example.org', '2020-10-25 19:50:06', '$2y$10$92IXUNpkjO0rOQ5byMi.Ye4oKoEa3Ro9llC/.og/at2.uheWG/igi', 'nrjdvXSpZx', '2020-10-25 19:50:21', '2020-10-25 19:50:21'),
(305, 'Prof. Cassandre Kohler I', 'schroeder.winnifred@example.com', '2020-10-25 19:50:06', '$2y$10$92IXUNpkjO0rOQ5byMi.Ye4oKoEa3Ro9llC/.og/at2.uheWG/igi', 'UXn8oOybNY', '2020-10-25 19:50:21', '2020-10-25 19:50:21'),
(306, 'Hobart Gerlach DVM', 'alemke@example.com', '2020-10-25 19:50:06', '$2y$10$92IXUNpkjO0rOQ5byMi.Ye4oKoEa3Ro9llC/.og/at2.uheWG/igi', 'tWS1MLFnNV', '2020-10-25 19:50:21', '2020-10-25 19:50:21'),
(307, 'Kaya Aufderhar', 'demetrius68@example.net', '2020-10-25 19:50:06', '$2y$10$92IXUNpkjO0rOQ5byMi.Ye4oKoEa3Ro9llC/.og/at2.uheWG/igi', 'iaXR54m2NY', '2020-10-25 19:50:21', '2020-10-25 19:50:21'),
(308, 'Deshawn Runolfsdottir Sr.', 'davis.nyasia@example.net', '2020-10-25 19:50:06', '$2y$10$92IXUNpkjO0rOQ5byMi.Ye4oKoEa3Ro9llC/.og/at2.uheWG/igi', 'APJGpOMrQQ', '2020-10-25 19:50:21', '2020-10-25 19:50:21'),
(309, 'Faye Hand', 'bruce40@example.net', '2020-10-25 19:50:06', '$2y$10$92IXUNpkjO0rOQ5byMi.Ye4oKoEa3Ro9llC/.og/at2.uheWG/igi', 'AdYR46eIJ4', '2020-10-25 19:50:21', '2020-10-25 19:50:21'),
(310, 'Kenna Anderson', 'araceli.wyman@example.com', '2020-10-25 19:50:06', '$2y$10$92IXUNpkjO0rOQ5byMi.Ye4oKoEa3Ro9llC/.og/at2.uheWG/igi', 'YznmEOLUOy', '2020-10-25 19:50:22', '2020-10-25 19:50:22'),
(311, 'Prof. Gertrude Hand', 'effertz.orland@example.net', '2020-10-25 19:50:06', '$2y$10$92IXUNpkjO0rOQ5byMi.Ye4oKoEa3Ro9llC/.og/at2.uheWG/igi', '5mnHE11jsM', '2020-10-25 19:50:22', '2020-10-25 19:50:22'),
(312, 'Coralie Toy', 'mrogahn@example.org', '2020-10-25 19:50:06', '$2y$10$92IXUNpkjO0rOQ5byMi.Ye4oKoEa3Ro9llC/.og/at2.uheWG/igi', 'e7ajXSdM1n', '2020-10-25 19:50:22', '2020-10-25 19:50:22'),
(313, 'Prof. Greg Conroy PhD', 'breitenberg.oswald@example.com', '2020-10-25 19:50:06', '$2y$10$92IXUNpkjO0rOQ5byMi.Ye4oKoEa3Ro9llC/.og/at2.uheWG/igi', '1pwMrh1vWw', '2020-10-25 19:50:22', '2020-10-25 19:50:22'),
(314, 'Frederick Koss MD', 'skiehn@example.com', '2020-10-25 19:50:06', '$2y$10$92IXUNpkjO0rOQ5byMi.Ye4oKoEa3Ro9llC/.og/at2.uheWG/igi', 'PclHoAIhtB', '2020-10-25 19:50:22', '2020-10-25 19:50:22'),
(315, 'Ms. Aiyana Yundt', 'medhurst.margaretta@example.net', '2020-10-25 19:50:06', '$2y$10$92IXUNpkjO0rOQ5byMi.Ye4oKoEa3Ro9llC/.og/at2.uheWG/igi', 'KaUFXNjKWP', '2020-10-25 19:50:22', '2020-10-25 19:50:22'),
(316, 'Eryn Swift', 'robel.emmanuelle@example.net', '2020-10-25 19:50:06', '$2y$10$92IXUNpkjO0rOQ5byMi.Ye4oKoEa3Ro9llC/.og/at2.uheWG/igi', 'He7IJSFoEc', '2020-10-25 19:50:22', '2020-10-25 19:50:22'),
(317, 'Dr. Demond Schowalter III', 'ulubowitz@example.net', '2020-10-25 19:50:06', '$2y$10$92IXUNpkjO0rOQ5byMi.Ye4oKoEa3Ro9llC/.og/at2.uheWG/igi', 'GkYOl3L0IY', '2020-10-25 19:50:22', '2020-10-25 19:50:22'),
(318, 'Waylon Bechtelar', 'arlo30@example.com', '2020-10-25 19:50:06', '$2y$10$92IXUNpkjO0rOQ5byMi.Ye4oKoEa3Ro9llC/.og/at2.uheWG/igi', 'AtJCmgOJLK', '2020-10-25 19:50:22', '2020-10-25 19:50:22'),
(319, 'Irma Hammes', 'hhoppe@example.com', '2020-10-25 19:50:06', '$2y$10$92IXUNpkjO0rOQ5byMi.Ye4oKoEa3Ro9llC/.og/at2.uheWG/igi', 'qPj2tJ3wPl', '2020-10-25 19:50:22', '2020-10-25 19:50:22'),
(320, 'Christop Thompson', 'wquitzon@example.net', '2020-10-25 19:50:06', '$2y$10$92IXUNpkjO0rOQ5byMi.Ye4oKoEa3Ro9llC/.og/at2.uheWG/igi', 'N295q1pFBq', '2020-10-25 19:50:22', '2020-10-25 19:50:22'),
(321, 'Chelsie Upton PhD', 'bayer.alexander@example.com', '2020-10-25 19:50:06', '$2y$10$92IXUNpkjO0rOQ5byMi.Ye4oKoEa3Ro9llC/.og/at2.uheWG/igi', '1ypq6ZUJ7y', '2020-10-25 19:50:23', '2020-10-25 19:50:23'),
(322, 'Luz Schinner', 'jadyn95@example.net', '2020-10-25 19:50:06', '$2y$10$92IXUNpkjO0rOQ5byMi.Ye4oKoEa3Ro9llC/.og/at2.uheWG/igi', '1nbKnoQxyE', '2020-10-25 19:50:23', '2020-10-25 19:50:23'),
(323, 'Reed Labadie', 'lrippin@example.net', '2020-10-25 19:50:06', '$2y$10$92IXUNpkjO0rOQ5byMi.Ye4oKoEa3Ro9llC/.og/at2.uheWG/igi', 'j0OsZyQJKO', '2020-10-25 19:50:23', '2020-10-25 19:50:23'),
(324, 'Jocelyn Shanahan', 'waelchi.clarissa@example.net', '2020-10-25 19:50:06', '$2y$10$92IXUNpkjO0rOQ5byMi.Ye4oKoEa3Ro9llC/.og/at2.uheWG/igi', 'yRAGAnlhFO', '2020-10-25 19:50:23', '2020-10-25 19:50:23'),
(325, 'Dr. Eusebio Trantow II', 'kking@example.org', '2020-10-25 19:50:06', '$2y$10$92IXUNpkjO0rOQ5byMi.Ye4oKoEa3Ro9llC/.og/at2.uheWG/igi', 'kOfhzCLkMm', '2020-10-25 19:50:23', '2020-10-25 19:50:23'),
(326, 'Oliver Crona', 'tracy15@example.net', '2020-10-25 19:50:06', '$2y$10$92IXUNpkjO0rOQ5byMi.Ye4oKoEa3Ro9llC/.og/at2.uheWG/igi', 'l01ZUtQk4u', '2020-10-25 19:50:23', '2020-10-25 19:50:23'),
(327, 'Isobel Ruecker', 'isabelle23@example.org', '2020-10-25 19:50:06', '$2y$10$92IXUNpkjO0rOQ5byMi.Ye4oKoEa3Ro9llC/.og/at2.uheWG/igi', 'ADQ4w9I5bq', '2020-10-25 19:50:23', '2020-10-25 19:50:23'),
(328, 'Clint Quigley', 'jennyfer.koch@example.org', '2020-10-25 19:50:06', '$2y$10$92IXUNpkjO0rOQ5byMi.Ye4oKoEa3Ro9llC/.og/at2.uheWG/igi', 'UEHEaXtzzJ', '2020-10-25 19:50:23', '2020-10-25 19:50:23'),
(329, 'Prof. Adriana Hackett IV', 'mara52@example.org', '2020-10-25 19:50:06', '$2y$10$92IXUNpkjO0rOQ5byMi.Ye4oKoEa3Ro9llC/.og/at2.uheWG/igi', 'oOThDpom9s', '2020-10-25 19:50:23', '2020-10-25 19:50:23'),
(330, 'Arno Bode PhD', 'cory.mertz@example.org', '2020-10-25 19:50:06', '$2y$10$92IXUNpkjO0rOQ5byMi.Ye4oKoEa3Ro9llC/.og/at2.uheWG/igi', '1Jx9eDzyPb', '2020-10-25 19:50:23', '2020-10-25 19:50:23'),
(331, 'Prof. Madyson Ward MD', 'maurice.conroy@example.com', '2020-10-25 19:50:06', '$2y$10$92IXUNpkjO0rOQ5byMi.Ye4oKoEa3Ro9llC/.og/at2.uheWG/igi', 'x3NdZaAQbO', '2020-10-25 19:50:23', '2020-10-25 19:50:23'),
(332, 'Ms. Dulce Cartwright', 'mohr.trevion@example.net', '2020-10-25 19:50:06', '$2y$10$92IXUNpkjO0rOQ5byMi.Ye4oKoEa3Ro9llC/.og/at2.uheWG/igi', 'SdbzyZgMgx', '2020-10-25 19:50:23', '2020-10-25 19:50:23'),
(333, 'Ashleigh Bartell', 'eulah61@example.org', '2020-10-25 19:50:06', '$2y$10$92IXUNpkjO0rOQ5byMi.Ye4oKoEa3Ro9llC/.og/at2.uheWG/igi', 'ep7wZaXPni', '2020-10-25 19:50:23', '2020-10-25 19:50:23'),
(334, 'Miss Dora Jones', 'marty00@example.net', '2020-10-25 19:50:06', '$2y$10$92IXUNpkjO0rOQ5byMi.Ye4oKoEa3Ro9llC/.og/at2.uheWG/igi', 'tXJNXtcoDm', '2020-10-25 19:50:23', '2020-10-25 19:50:23'),
(335, 'Fae Greenfelder', 'amaya56@example.com', '2020-10-25 19:50:06', '$2y$10$92IXUNpkjO0rOQ5byMi.Ye4oKoEa3Ro9llC/.og/at2.uheWG/igi', 'XQ1lBWwdKq', '2020-10-25 19:50:23', '2020-10-25 19:50:23'),
(336, 'Kirstin Raynor PhD', 'michelle.glover@example.net', '2020-10-25 19:50:06', '$2y$10$92IXUNpkjO0rOQ5byMi.Ye4oKoEa3Ro9llC/.og/at2.uheWG/igi', 'jTRozyD0SX', '2020-10-25 19:50:23', '2020-10-25 19:50:23'),
(337, 'Margarett Lowe', 'robin.orn@example.com', '2020-10-25 19:50:06', '$2y$10$92IXUNpkjO0rOQ5byMi.Ye4oKoEa3Ro9llC/.og/at2.uheWG/igi', 'XHHanp63hR', '2020-10-25 19:50:23', '2020-10-25 19:50:23'),
(338, 'Houston Walter', 'ehagenes@example.org', '2020-10-25 19:50:06', '$2y$10$92IXUNpkjO0rOQ5byMi.Ye4oKoEa3Ro9llC/.og/at2.uheWG/igi', 'l4c7V7elR1', '2020-10-25 19:50:23', '2020-10-25 19:50:23'),
(339, 'Evans Lebsack', 'oberbrunner.graciela@example.net', '2020-10-25 19:50:06', '$2y$10$92IXUNpkjO0rOQ5byMi.Ye4oKoEa3Ro9llC/.og/at2.uheWG/igi', 'Bh09mRN7nv', '2020-10-25 19:50:23', '2020-10-25 19:50:23'),
(340, 'London Hammes', 'anabel80@example.net', '2020-10-25 19:50:06', '$2y$10$92IXUNpkjO0rOQ5byMi.Ye4oKoEa3Ro9llC/.og/at2.uheWG/igi', 'NxPgPQY7PP', '2020-10-25 19:50:23', '2020-10-25 19:50:23'),
(341, 'Prof. Roxane Torphy V', 'camden.cruickshank@example.com', '2020-10-25 19:50:06', '$2y$10$92IXUNpkjO0rOQ5byMi.Ye4oKoEa3Ro9llC/.og/at2.uheWG/igi', 'IzD49oKuQw', '2020-10-25 19:50:24', '2020-10-25 19:50:24'),
(342, 'Myrtice Parker PhD', 'gschmidt@example.com', '2020-10-25 19:50:06', '$2y$10$92IXUNpkjO0rOQ5byMi.Ye4oKoEa3Ro9llC/.og/at2.uheWG/igi', 'FIZDQkHdyl', '2020-10-25 19:50:24', '2020-10-25 19:50:24'),
(343, 'Nona Auer', 'dietrich.felipa@example.net', '2020-10-25 19:50:06', '$2y$10$92IXUNpkjO0rOQ5byMi.Ye4oKoEa3Ro9llC/.og/at2.uheWG/igi', 'ZcwyqrW3Qd', '2020-10-25 19:50:24', '2020-10-25 19:50:24'),
(344, 'Delilah Hessel II', 'kmann@example.org', '2020-10-25 19:50:06', '$2y$10$92IXUNpkjO0rOQ5byMi.Ye4oKoEa3Ro9llC/.og/at2.uheWG/igi', '2ige08Qlam', '2020-10-25 19:50:24', '2020-10-25 19:50:24'),
(345, 'Robert Schimmel IV', 'dmiller@example.net', '2020-10-25 19:50:06', '$2y$10$92IXUNpkjO0rOQ5byMi.Ye4oKoEa3Ro9llC/.og/at2.uheWG/igi', 'YhCySKlaam', '2020-10-25 19:50:24', '2020-10-25 19:50:24'),
(346, 'Dr. Lauretta Streich IV', 'kasey.zemlak@example.com', '2020-10-25 19:50:06', '$2y$10$92IXUNpkjO0rOQ5byMi.Ye4oKoEa3Ro9llC/.og/at2.uheWG/igi', 'IAKqKsEqbz', '2020-10-25 19:50:24', '2020-10-25 19:50:24'),
(347, 'Leon Rippin', 'mnicolas@example.net', '2020-10-25 19:50:06', '$2y$10$92IXUNpkjO0rOQ5byMi.Ye4oKoEa3Ro9llC/.og/at2.uheWG/igi', 'yyEdPavFmh', '2020-10-25 19:50:24', '2020-10-25 19:50:24'),
(348, 'Marilou Emard', 'tbarton@example.net', '2020-10-25 19:50:06', '$2y$10$92IXUNpkjO0rOQ5byMi.Ye4oKoEa3Ro9llC/.og/at2.uheWG/igi', 'bvDLNBpJz8', '2020-10-25 19:50:24', '2020-10-25 19:50:24'),
(349, 'Paula Lockman', 'avis.bergnaum@example.org', '2020-10-25 19:50:06', '$2y$10$92IXUNpkjO0rOQ5byMi.Ye4oKoEa3Ro9llC/.og/at2.uheWG/igi', '0RpYX605Hi', '2020-10-25 19:50:24', '2020-10-25 19:50:24'),
(350, 'Mrs. Lily Nader', 'schmitt.woodrow@example.org', '2020-10-25 19:50:06', '$2y$10$92IXUNpkjO0rOQ5byMi.Ye4oKoEa3Ro9llC/.og/at2.uheWG/igi', 'yxxHitBcTN', '2020-10-25 19:50:24', '2020-10-25 19:50:24'),
(351, 'Vern Parker', 'jayme86@example.net', '2020-10-25 19:50:06', '$2y$10$92IXUNpkjO0rOQ5byMi.Ye4oKoEa3Ro9llC/.og/at2.uheWG/igi', '7xVY6aLEmR', '2020-10-25 19:50:24', '2020-10-25 19:50:24'),
(352, 'Cruz Smith', 'marcus.ledner@example.org', '2020-10-25 19:50:06', '$2y$10$92IXUNpkjO0rOQ5byMi.Ye4oKoEa3Ro9llC/.og/at2.uheWG/igi', 'gdqefyTtkt', '2020-10-25 19:50:24', '2020-10-25 19:50:24'),
(353, 'Ms. Shanel Veum III', 'carlos.rogahn@example.com', '2020-10-25 19:50:06', '$2y$10$92IXUNpkjO0rOQ5byMi.Ye4oKoEa3Ro9llC/.og/at2.uheWG/igi', 'HsGujCOvrC', '2020-10-25 19:50:24', '2020-10-25 19:50:24'),
(354, 'Kailey Pfeffer', 'sipes.cielo@example.com', '2020-10-25 19:50:06', '$2y$10$92IXUNpkjO0rOQ5byMi.Ye4oKoEa3Ro9llC/.og/at2.uheWG/igi', 'IzcsrOoTPt', '2020-10-25 19:50:24', '2020-10-25 19:50:24'),
(355, 'Ayla Vandervort', 'rkunze@example.org', '2020-10-25 19:50:06', '$2y$10$92IXUNpkjO0rOQ5byMi.Ye4oKoEa3Ro9llC/.og/at2.uheWG/igi', 'S7ZAxg5xHu', '2020-10-25 19:50:24', '2020-10-25 19:50:24'),
(356, 'Hortense Beatty', 'zboncak.drake@example.org', '2020-10-25 19:50:06', '$2y$10$92IXUNpkjO0rOQ5byMi.Ye4oKoEa3Ro9llC/.og/at2.uheWG/igi', 'T7bcTw7zNT', '2020-10-25 19:50:24', '2020-10-25 19:50:24'),
(357, 'Vanessa Tillman', 'javonte.stoltenberg@example.net', '2020-10-25 19:50:06', '$2y$10$92IXUNpkjO0rOQ5byMi.Ye4oKoEa3Ro9llC/.og/at2.uheWG/igi', 'DGiuOx92RH', '2020-10-25 19:50:24', '2020-10-25 19:50:24'),
(358, 'Mr. Ned Johns', 'enrico26@example.net', '2020-10-25 19:50:06', '$2y$10$92IXUNpkjO0rOQ5byMi.Ye4oKoEa3Ro9llC/.og/at2.uheWG/igi', '4CgoPQsvF8', '2020-10-25 19:50:25', '2020-10-25 19:50:25'),
(359, 'Christian Hodkiewicz DDS', 'april62@example.net', '2020-10-25 19:50:06', '$2y$10$92IXUNpkjO0rOQ5byMi.Ye4oKoEa3Ro9llC/.og/at2.uheWG/igi', 'mBMpBYATd6', '2020-10-25 19:50:25', '2020-10-25 19:50:25'),
(360, 'Meaghan Sauer', 'althea.schuppe@example.org', '2020-10-25 19:50:06', '$2y$10$92IXUNpkjO0rOQ5byMi.Ye4oKoEa3Ro9llC/.og/at2.uheWG/igi', 'hZqMfsgb1a', '2020-10-25 19:50:25', '2020-10-25 19:50:25'),
(361, 'Brayan Rodriguez', 'nmckenzie@example.com', '2020-10-25 19:50:06', '$2y$10$92IXUNpkjO0rOQ5byMi.Ye4oKoEa3Ro9llC/.og/at2.uheWG/igi', 'CDgJsLeAzP', '2020-10-25 19:50:25', '2020-10-25 19:50:25'),
(362, 'Chaim Sipes', 'skiles.jerry@example.net', '2020-10-25 19:50:06', '$2y$10$92IXUNpkjO0rOQ5byMi.Ye4oKoEa3Ro9llC/.og/at2.uheWG/igi', 'gMdq2j0ckE', '2020-10-25 19:50:25', '2020-10-25 19:50:25'),
(363, 'Lora Klein', 'christina.marks@example.com', '2020-10-25 19:50:06', '$2y$10$92IXUNpkjO0rOQ5byMi.Ye4oKoEa3Ro9llC/.og/at2.uheWG/igi', 'yDIdFdL9IQ', '2020-10-25 19:50:25', '2020-10-25 19:50:25'),
(364, 'Chaz Rosenbaum', 'dpurdy@example.com', '2020-10-25 19:50:06', '$2y$10$92IXUNpkjO0rOQ5byMi.Ye4oKoEa3Ro9llC/.og/at2.uheWG/igi', 'KlpBulYZKx', '2020-10-25 19:50:25', '2020-10-25 19:50:25'),
(365, 'Prof. Celestino Smith I', 'vern.tillman@example.net', '2020-10-25 19:50:06', '$2y$10$92IXUNpkjO0rOQ5byMi.Ye4oKoEa3Ro9llC/.og/at2.uheWG/igi', 'iHxMtSxD1c', '2020-10-25 19:50:25', '2020-10-25 19:50:25'),
(366, 'Mr. Preston Spencer', 'ruecker.ramon@example.net', '2020-10-25 19:50:06', '$2y$10$92IXUNpkjO0rOQ5byMi.Ye4oKoEa3Ro9llC/.og/at2.uheWG/igi', 'FBJlMnfuHp', '2020-10-25 19:50:25', '2020-10-25 19:50:25'),
(367, 'Rubye Kuphal', 'schneider.sienna@example.net', '2020-10-25 19:50:06', '$2y$10$92IXUNpkjO0rOQ5byMi.Ye4oKoEa3Ro9llC/.og/at2.uheWG/igi', 'f3Zt1jRJGd', '2020-10-25 19:50:25', '2020-10-25 19:50:25'),
(368, 'Benjamin Koelpin Sr.', 'nolan.kaylie@example.org', '2020-10-25 19:50:06', '$2y$10$92IXUNpkjO0rOQ5byMi.Ye4oKoEa3Ro9llC/.og/at2.uheWG/igi', 'NqibRzFSd1', '2020-10-25 19:50:25', '2020-10-25 19:50:25'),
(369, 'Lupe Braun', 'becker.golden@example.net', '2020-10-25 19:50:06', '$2y$10$92IXUNpkjO0rOQ5byMi.Ye4oKoEa3Ro9llC/.og/at2.uheWG/igi', 'Q5NhJp4vvI', '2020-10-25 19:50:25', '2020-10-25 19:50:25'),
(370, 'Alexis Reilly', 'csanford@example.org', '2020-10-25 19:50:06', '$2y$10$92IXUNpkjO0rOQ5byMi.Ye4oKoEa3Ro9llC/.og/at2.uheWG/igi', 'LyhY5qEWmo', '2020-10-25 19:50:25', '2020-10-25 19:50:25'),
(371, 'Adolphus Runolfsdottir', 'buddy.harris@example.org', '2020-10-25 19:50:06', '$2y$10$92IXUNpkjO0rOQ5byMi.Ye4oKoEa3Ro9llC/.og/at2.uheWG/igi', 'BlbuxSGPHA', '2020-10-25 19:50:25', '2020-10-25 19:50:25'),
(372, 'Stephanie Schumm DDS', 'sgibson@example.org', '2020-10-25 19:50:06', '$2y$10$92IXUNpkjO0rOQ5byMi.Ye4oKoEa3Ro9llC/.og/at2.uheWG/igi', 'CVy4ytjsEc', '2020-10-25 19:50:25', '2020-10-25 19:50:25'),
(373, 'Kian D\'Amore', 'meggie20@example.com', '2020-10-25 19:50:06', '$2y$10$92IXUNpkjO0rOQ5byMi.Ye4oKoEa3Ro9llC/.og/at2.uheWG/igi', 'OB26KswEBs', '2020-10-25 19:50:25', '2020-10-25 19:50:25'),
(374, 'Elza Kozey', 'jacobs.heaven@example.org', '2020-10-25 19:50:06', '$2y$10$92IXUNpkjO0rOQ5byMi.Ye4oKoEa3Ro9llC/.og/at2.uheWG/igi', 'PKXhqzxtLV', '2020-10-25 19:50:25', '2020-10-25 19:50:25'),
(375, 'Michael Christiansen', 'may22@example.org', '2020-10-25 19:50:06', '$2y$10$92IXUNpkjO0rOQ5byMi.Ye4oKoEa3Ro9llC/.og/at2.uheWG/igi', '0i5lDibF97', '2020-10-25 19:50:25', '2020-10-25 19:50:25'),
(376, 'Alex Schaefer', 'linnea75@example.org', '2020-10-25 19:50:06', '$2y$10$92IXUNpkjO0rOQ5byMi.Ye4oKoEa3Ro9llC/.og/at2.uheWG/igi', 'C2IcarpK54', '2020-10-25 19:50:25', '2020-10-25 19:50:25'),
(377, 'Dr. Hailie Conn', 'xlehner@example.com', '2020-10-25 19:50:06', '$2y$10$92IXUNpkjO0rOQ5byMi.Ye4oKoEa3Ro9llC/.og/at2.uheWG/igi', 'SbMrJ74Ni1', '2020-10-25 19:50:26', '2020-10-25 19:50:26'),
(378, 'Andreanne Greenfelder', 'vjaskolski@example.com', '2020-10-25 19:50:06', '$2y$10$92IXUNpkjO0rOQ5byMi.Ye4oKoEa3Ro9llC/.og/at2.uheWG/igi', '818noJ49RN', '2020-10-25 19:50:26', '2020-10-25 19:50:26'),
(379, 'Karine Hagenes', 'laurel.cummerata@example.net', '2020-10-25 19:50:06', '$2y$10$92IXUNpkjO0rOQ5byMi.Ye4oKoEa3Ro9llC/.og/at2.uheWG/igi', 'omDEY722JX', '2020-10-25 19:50:26', '2020-10-25 19:50:26'),
(380, 'Destany Gibson', 'durgan.flavio@example.com', '2020-10-25 19:50:06', '$2y$10$92IXUNpkjO0rOQ5byMi.Ye4oKoEa3Ro9llC/.og/at2.uheWG/igi', 'rDZ0Ejjtrn', '2020-10-25 19:50:26', '2020-10-25 19:50:26'),
(381, 'Kendra Labadie', 'emanuel88@example.net', '2020-10-25 19:50:06', '$2y$10$92IXUNpkjO0rOQ5byMi.Ye4oKoEa3Ro9llC/.og/at2.uheWG/igi', '3PFEg5zZIe', '2020-10-25 19:50:26', '2020-10-25 19:50:26'),
(382, 'Maia Mayert', 'belle34@example.com', '2020-10-25 19:50:06', '$2y$10$92IXUNpkjO0rOQ5byMi.Ye4oKoEa3Ro9llC/.og/at2.uheWG/igi', 'cR6z6vgMtM', '2020-10-25 19:50:26', '2020-10-25 19:50:26'),
(383, 'Bill Will', 'schroeder.prudence@example.com', '2020-10-25 19:50:06', '$2y$10$92IXUNpkjO0rOQ5byMi.Ye4oKoEa3Ro9llC/.og/at2.uheWG/igi', 'tPWdw5tdIw', '2020-10-25 19:50:26', '2020-10-25 19:50:26'),
(384, 'Simone Bartell', 'otho.cartwright@example.org', '2020-10-25 19:50:06', '$2y$10$92IXUNpkjO0rOQ5byMi.Ye4oKoEa3Ro9llC/.og/at2.uheWG/igi', 'yNXlpymHHi', '2020-10-25 19:50:26', '2020-10-25 19:50:26'),
(385, 'Jessie Ruecker', 'carroll57@example.com', '2020-10-25 19:50:06', '$2y$10$92IXUNpkjO0rOQ5byMi.Ye4oKoEa3Ro9llC/.og/at2.uheWG/igi', 'gXkTYBWqMq', '2020-10-25 19:50:26', '2020-10-25 19:50:26'),
(386, 'Jensen Stehr', 'iliana05@example.org', '2020-10-25 19:50:06', '$2y$10$92IXUNpkjO0rOQ5byMi.Ye4oKoEa3Ro9llC/.og/at2.uheWG/igi', 'YX1rRAXeiu', '2020-10-25 19:50:26', '2020-10-25 19:50:26'),
(387, 'Miss Rebecca Borer', 'rhett30@example.com', '2020-10-25 19:50:06', '$2y$10$92IXUNpkjO0rOQ5byMi.Ye4oKoEa3Ro9llC/.og/at2.uheWG/igi', 'EXtQCt9bwI', '2020-10-25 19:50:26', '2020-10-25 19:50:26'),
(388, 'Jerrold Daugherty DVM', 'sabryna.carter@example.org', '2020-10-25 19:50:06', '$2y$10$92IXUNpkjO0rOQ5byMi.Ye4oKoEa3Ro9llC/.og/at2.uheWG/igi', '9x6zTM4x9G', '2020-10-25 19:50:26', '2020-10-25 19:50:26'),
(389, 'Jeanette Breitenberg', 'roosevelt94@example.net', '2020-10-25 19:50:06', '$2y$10$92IXUNpkjO0rOQ5byMi.Ye4oKoEa3Ro9llC/.og/at2.uheWG/igi', 'Pvg7zHqN0S', '2020-10-25 19:50:26', '2020-10-25 19:50:26'),
(390, 'Dr. Wyatt Cummings', 'lstehr@example.org', '2020-10-25 19:50:06', '$2y$10$92IXUNpkjO0rOQ5byMi.Ye4oKoEa3Ro9llC/.og/at2.uheWG/igi', 'wZZgh9RVhV', '2020-10-25 19:50:26', '2020-10-25 19:50:26'),
(391, 'Ciara Nolan', 'armstrong.filiberto@example.org', '2020-10-25 19:50:06', '$2y$10$92IXUNpkjO0rOQ5byMi.Ye4oKoEa3Ro9llC/.og/at2.uheWG/igi', 'YmVCSMZlFd', '2020-10-25 19:50:26', '2020-10-25 19:50:26'),
(392, 'Dedric Grant', 'elouise.hahn@example.org', '2020-10-25 19:50:06', '$2y$10$92IXUNpkjO0rOQ5byMi.Ye4oKoEa3Ro9llC/.og/at2.uheWG/igi', 'QKh1EsQ04e', '2020-10-25 19:50:26', '2020-10-25 19:50:26'),
(393, 'Tara Ankunding', 'hassie.rolfson@example.net', '2020-10-25 19:50:06', '$2y$10$92IXUNpkjO0rOQ5byMi.Ye4oKoEa3Ro9llC/.og/at2.uheWG/igi', '97Y6CbcDVA', '2020-10-25 19:50:26', '2020-10-25 19:50:26'),
(394, 'Priscilla Parisian', 'fatima07@example.net', '2020-10-25 19:50:06', '$2y$10$92IXUNpkjO0rOQ5byMi.Ye4oKoEa3Ro9llC/.og/at2.uheWG/igi', 'dNHfScbmXi', '2020-10-25 19:50:26', '2020-10-25 19:50:26'),
(395, 'Kendra Schumm', 'adah01@example.com', '2020-10-25 19:50:06', '$2y$10$92IXUNpkjO0rOQ5byMi.Ye4oKoEa3Ro9llC/.og/at2.uheWG/igi', 'L5aheXXHqy', '2020-10-25 19:50:27', '2020-10-25 19:50:27'),
(396, 'Agustin Simonis', 'gaylord.yoshiko@example.com', '2020-10-25 19:50:06', '$2y$10$92IXUNpkjO0rOQ5byMi.Ye4oKoEa3Ro9llC/.og/at2.uheWG/igi', 'dvk3K6tons', '2020-10-25 19:50:27', '2020-10-25 19:50:27'),
(397, 'Mr. Grayson Kihn V', 'felicia48@example.com', '2020-10-25 19:50:06', '$2y$10$92IXUNpkjO0rOQ5byMi.Ye4oKoEa3Ro9llC/.og/at2.uheWG/igi', 'QBwXRhLVek', '2020-10-25 19:50:27', '2020-10-25 19:50:27'),
(398, 'Leo Stoltenberg II', 'pthiel@example.net', '2020-10-25 19:50:06', '$2y$10$92IXUNpkjO0rOQ5byMi.Ye4oKoEa3Ro9llC/.og/at2.uheWG/igi', 'TO6rnoKR87', '2020-10-25 19:50:27', '2020-10-25 19:50:27'),
(399, 'Mr. Robert Rice MD', 'senger.cassandre@example.com', '2020-10-25 19:50:06', '$2y$10$92IXUNpkjO0rOQ5byMi.Ye4oKoEa3Ro9llC/.og/at2.uheWG/igi', 'lKz7yIgSPp', '2020-10-25 19:50:27', '2020-10-25 19:50:27'),
(400, 'Tara Schuppe', 'carter.zoila@example.com', '2020-10-25 19:50:06', '$2y$10$92IXUNpkjO0rOQ5byMi.Ye4oKoEa3Ro9llC/.og/at2.uheWG/igi', 'xEZXKw8wCy', '2020-10-25 19:50:27', '2020-10-25 19:50:27'),
(401, 'Jaylon Quigley', 'schmeler.crystal@example.com', '2020-10-25 19:50:06', '$2y$10$92IXUNpkjO0rOQ5byMi.Ye4oKoEa3Ro9llC/.og/at2.uheWG/igi', 'fxAeHtNqz6', '2020-10-25 19:50:27', '2020-10-25 19:50:27'),
(402, 'Mr. Frederik Ortiz', 'tsporer@example.net', '2020-10-25 19:50:06', '$2y$10$92IXUNpkjO0rOQ5byMi.Ye4oKoEa3Ro9llC/.og/at2.uheWG/igi', 'QKwgAVJ2Sa', '2020-10-25 19:50:27', '2020-10-25 19:50:27'),
(403, 'Clement Runte', 'evalyn.hauck@example.com', '2020-10-25 19:50:06', '$2y$10$92IXUNpkjO0rOQ5byMi.Ye4oKoEa3Ro9llC/.og/at2.uheWG/igi', '0GuOpbtMuP', '2020-10-25 19:50:27', '2020-10-25 19:50:27'),
(404, 'Berry Gleason', 'ikerluke@example.net', '2020-10-25 19:50:06', '$2y$10$92IXUNpkjO0rOQ5byMi.Ye4oKoEa3Ro9llC/.og/at2.uheWG/igi', '415SSeGl3r', '2020-10-25 19:50:27', '2020-10-25 19:50:27'),
(405, 'Alexandria Jacobs V', 'wyman.guillermo@example.com', '2020-10-25 19:50:06', '$2y$10$92IXUNpkjO0rOQ5byMi.Ye4oKoEa3Ro9llC/.og/at2.uheWG/igi', 'kZahp1D1u3', '2020-10-25 19:50:27', '2020-10-25 19:50:27'),
(406, 'Dane Steuber', 'prohan@example.net', '2020-10-25 19:50:06', '$2y$10$92IXUNpkjO0rOQ5byMi.Ye4oKoEa3Ro9llC/.og/at2.uheWG/igi', 'OiaEqAP6u9', '2020-10-25 19:50:27', '2020-10-25 19:50:27'),
(407, 'Teagan Auer', 'elnora74@example.net', '2020-10-25 19:50:06', '$2y$10$92IXUNpkjO0rOQ5byMi.Ye4oKoEa3Ro9llC/.og/at2.uheWG/igi', 'z0DF7berJv', '2020-10-25 19:50:27', '2020-10-25 19:50:27'),
(408, 'Dr. Abel Wintheiser Jr.', 'sauer.adelbert@example.com', '2020-10-25 19:50:06', '$2y$10$92IXUNpkjO0rOQ5byMi.Ye4oKoEa3Ro9llC/.og/at2.uheWG/igi', 'ckvKf8KYaz', '2020-10-25 19:50:27', '2020-10-25 19:50:27'),
(409, 'Prof. Laron Carter I', 'cara42@example.com', '2020-10-25 19:50:06', '$2y$10$92IXUNpkjO0rOQ5byMi.Ye4oKoEa3Ro9llC/.og/at2.uheWG/igi', '1Dym9B6MSG', '2020-10-25 19:50:27', '2020-10-25 19:50:27'),
(410, 'Tad Jacobi', 'spencer.florian@example.net', '2020-10-25 19:50:06', '$2y$10$92IXUNpkjO0rOQ5byMi.Ye4oKoEa3Ro9llC/.og/at2.uheWG/igi', '2jnBvPGMMJ', '2020-10-25 19:50:27', '2020-10-25 19:50:27'),
(411, 'Dr. Hadley Ebert', 'johathan67@example.net', '2020-10-25 19:50:06', '$2y$10$92IXUNpkjO0rOQ5byMi.Ye4oKoEa3Ro9llC/.og/at2.uheWG/igi', 'Xcw8f0yCuV', '2020-10-25 19:50:27', '2020-10-25 19:50:27'),
(412, 'Mr. Toy Cole', 'qcremin@example.net', '2020-10-25 19:50:06', '$2y$10$92IXUNpkjO0rOQ5byMi.Ye4oKoEa3Ro9llC/.og/at2.uheWG/igi', 'o6kHbMD0FM', '2020-10-25 19:50:27', '2020-10-25 19:50:27'),
(413, 'Mr. Troy Zboncak', 'feeney.louie@example.net', '2020-10-25 19:50:06', '$2y$10$92IXUNpkjO0rOQ5byMi.Ye4oKoEa3Ro9llC/.og/at2.uheWG/igi', 'kBTMYgVzEq', '2020-10-25 19:50:27', '2020-10-25 19:50:27'),
(414, 'Dr. Jerel Spinka II', 'oconner.vincenza@example.net', '2020-10-25 19:50:06', '$2y$10$92IXUNpkjO0rOQ5byMi.Ye4oKoEa3Ro9llC/.og/at2.uheWG/igi', 'uWKclxDfVQ', '2020-10-25 19:50:27', '2020-10-25 19:50:27'),
(415, 'Austyn Crona', 'pfadel@example.org', '2020-10-25 19:50:06', '$2y$10$92IXUNpkjO0rOQ5byMi.Ye4oKoEa3Ro9llC/.og/at2.uheWG/igi', 'SiKqYiHczx', '2020-10-25 19:50:27', '2020-10-25 19:50:27'),
(416, 'Ayla Lesch', 'melany34@example.org', '2020-10-25 19:50:06', '$2y$10$92IXUNpkjO0rOQ5byMi.Ye4oKoEa3Ro9llC/.og/at2.uheWG/igi', 'FGxD7AcxEj', '2020-10-25 19:50:27', '2020-10-25 19:50:27'),
(417, 'Prof. Mollie Bosco', 'ernie47@example.com', '2020-10-25 19:50:06', '$2y$10$92IXUNpkjO0rOQ5byMi.Ye4oKoEa3Ro9llC/.og/at2.uheWG/igi', 'TykEvDvKQp', '2020-10-25 19:50:27', '2020-10-25 19:50:27'),
(418, 'Prof. Jaleel Schowalter', 'johnson.nathaniel@example.com', '2020-10-25 19:50:06', '$2y$10$92IXUNpkjO0rOQ5byMi.Ye4oKoEa3Ro9llC/.og/at2.uheWG/igi', 'hPJlHLl6Mv', '2020-10-25 19:50:27', '2020-10-25 19:50:27'),
(419, 'Herminia Smitham', 'malcolm.stamm@example.com', '2020-10-25 19:50:06', '$2y$10$92IXUNpkjO0rOQ5byMi.Ye4oKoEa3Ro9llC/.og/at2.uheWG/igi', '84U9ojOKxg', '2020-10-25 19:50:28', '2020-10-25 19:50:28'),
(420, 'Dorris Leffler', 'anderson.blanche@example.org', '2020-10-25 19:50:06', '$2y$10$92IXUNpkjO0rOQ5byMi.Ye4oKoEa3Ro9llC/.og/at2.uheWG/igi', 'gxZj561QLN', '2020-10-25 19:50:28', '2020-10-25 19:50:28'),
(421, 'Shany Feeney', 'schultz.cleora@example.org', '2020-10-25 19:50:06', '$2y$10$92IXUNpkjO0rOQ5byMi.Ye4oKoEa3Ro9llC/.og/at2.uheWG/igi', 'D4WpvgRtoV', '2020-10-25 19:50:28', '2020-10-25 19:50:28'),
(422, 'Adriana Murazik', 'mohammad99@example.com', '2020-10-25 19:50:06', '$2y$10$92IXUNpkjO0rOQ5byMi.Ye4oKoEa3Ro9llC/.og/at2.uheWG/igi', 'eLL07jEnyj', '2020-10-25 19:50:28', '2020-10-25 19:50:28'),
(423, 'Raina O\'Conner', 'sporer.francesco@example.com', '2020-10-25 19:50:06', '$2y$10$92IXUNpkjO0rOQ5byMi.Ye4oKoEa3Ro9llC/.og/at2.uheWG/igi', 'zwebHqCGle', '2020-10-25 19:50:28', '2020-10-25 19:50:28'),
(424, 'Marcel Hintz', 'alyce.lubowitz@example.com', '2020-10-25 19:50:06', '$2y$10$92IXUNpkjO0rOQ5byMi.Ye4oKoEa3Ro9llC/.og/at2.uheWG/igi', '4M8OnS8VyK', '2020-10-25 19:50:28', '2020-10-25 19:50:28'),
(425, 'Rickie Lowe', 'oblick@example.org', '2020-10-25 19:50:06', '$2y$10$92IXUNpkjO0rOQ5byMi.Ye4oKoEa3Ro9llC/.og/at2.uheWG/igi', 'b2StiiS4ej', '2020-10-25 19:50:28', '2020-10-25 19:50:28'),
(426, 'Jermain Ruecker', 'kenton20@example.com', '2020-10-25 19:50:06', '$2y$10$92IXUNpkjO0rOQ5byMi.Ye4oKoEa3Ro9llC/.og/at2.uheWG/igi', '6c6n74Hq3g', '2020-10-25 19:50:28', '2020-10-25 19:50:28'),
(427, 'Beau Schuster', 'eprosacco@example.net', '2020-10-25 19:50:06', '$2y$10$92IXUNpkjO0rOQ5byMi.Ye4oKoEa3Ro9llC/.og/at2.uheWG/igi', 'rRInFulmAa', '2020-10-25 19:50:28', '2020-10-25 19:50:28'),
(428, 'Pansy West', 'kevon55@example.net', '2020-10-25 19:50:06', '$2y$10$92IXUNpkjO0rOQ5byMi.Ye4oKoEa3Ro9llC/.og/at2.uheWG/igi', '8crVlpbclP', '2020-10-25 19:50:28', '2020-10-25 19:50:28'),
(429, 'Orie Orn', 'maxine48@example.net', '2020-10-25 19:50:06', '$2y$10$92IXUNpkjO0rOQ5byMi.Ye4oKoEa3Ro9llC/.og/at2.uheWG/igi', 'kilK1RJnyN', '2020-10-25 19:50:28', '2020-10-25 19:50:28'),
(430, 'Mrs. Rachelle McKenzie', 'colt76@example.com', '2020-10-25 19:50:06', '$2y$10$92IXUNpkjO0rOQ5byMi.Ye4oKoEa3Ro9llC/.og/at2.uheWG/igi', 'PXTat17dC8', '2020-10-25 19:50:28', '2020-10-25 19:50:28'),
(431, 'Rhett Muller', 'maryse.west@example.com', '2020-10-25 19:50:06', '$2y$10$92IXUNpkjO0rOQ5byMi.Ye4oKoEa3Ro9llC/.og/at2.uheWG/igi', 'ikGMxKUMi8', '2020-10-25 19:50:28', '2020-10-25 19:50:28'),
(432, 'Bette Goldner', 'cristopher.roob@example.org', '2020-10-25 19:50:06', '$2y$10$92IXUNpkjO0rOQ5byMi.Ye4oKoEa3Ro9llC/.og/at2.uheWG/igi', 'XGstueJ6jK', '2020-10-25 19:50:28', '2020-10-25 19:50:28'),
(433, 'Celestino Grimes', 'zokeefe@example.com', '2020-10-25 19:50:06', '$2y$10$92IXUNpkjO0rOQ5byMi.Ye4oKoEa3Ro9llC/.og/at2.uheWG/igi', 'WqR2qiUxlI', '2020-10-25 19:50:28', '2020-10-25 19:50:28'),
(434, 'Wendy O\'Reilly', 'tkuhlman@example.com', '2020-10-25 19:50:06', '$2y$10$92IXUNpkjO0rOQ5byMi.Ye4oKoEa3Ro9llC/.og/at2.uheWG/igi', 'vZ5KYoqanx', '2020-10-25 19:50:29', '2020-10-25 19:50:29'),
(435, 'Zelma Prohaska', 'melissa.lehner@example.org', '2020-10-25 19:50:06', '$2y$10$92IXUNpkjO0rOQ5byMi.Ye4oKoEa3Ro9llC/.og/at2.uheWG/igi', 'UyO8621MbY', '2020-10-25 19:50:29', '2020-10-25 19:50:29'),
(436, 'Arvid Lakin', 'ratke.ophelia@example.com', '2020-10-25 19:50:06', '$2y$10$92IXUNpkjO0rOQ5byMi.Ye4oKoEa3Ro9llC/.og/at2.uheWG/igi', '3uGC8ne2wT', '2020-10-25 19:50:29', '2020-10-25 19:50:29'),
(437, 'Onie Bahringer', 'dmuller@example.com', '2020-10-25 19:50:06', '$2y$10$92IXUNpkjO0rOQ5byMi.Ye4oKoEa3Ro9llC/.og/at2.uheWG/igi', 'PBR4Pt8YfC', '2020-10-25 19:50:29', '2020-10-25 19:50:29'),
(438, 'Susie Leuschke', 'avis83@example.org', '2020-10-25 19:50:06', '$2y$10$92IXUNpkjO0rOQ5byMi.Ye4oKoEa3Ro9llC/.og/at2.uheWG/igi', 'tzWctbQTjZ', '2020-10-25 19:50:29', '2020-10-25 19:50:29'),
(439, 'Marcus Weimann', 'alda58@example.com', '2020-10-25 19:50:06', '$2y$10$92IXUNpkjO0rOQ5byMi.Ye4oKoEa3Ro9llC/.og/at2.uheWG/igi', '1Faoosg4PT', '2020-10-25 19:50:29', '2020-10-25 19:50:29'),
(440, 'Miss Sheila Rogahn DDS', 'okrajcik@example.org', '2020-10-25 19:50:06', '$2y$10$92IXUNpkjO0rOQ5byMi.Ye4oKoEa3Ro9llC/.og/at2.uheWG/igi', 'xW186lgfDz', '2020-10-25 19:50:29', '2020-10-25 19:50:29'),
(441, 'Dalton Funk', 'vpaucek@example.net', '2020-10-25 19:50:06', '$2y$10$92IXUNpkjO0rOQ5byMi.Ye4oKoEa3Ro9llC/.og/at2.uheWG/igi', 'd07PxfwQSP', '2020-10-25 19:50:29', '2020-10-25 19:50:29'),
(442, 'Gavin Wuckert', 'luigi.cormier@example.com', '2020-10-25 19:50:06', '$2y$10$92IXUNpkjO0rOQ5byMi.Ye4oKoEa3Ro9llC/.og/at2.uheWG/igi', '8CDtKkvk5k', '2020-10-25 19:50:29', '2020-10-25 19:50:29'),
(443, 'Marques Bayer', 'wbrown@example.com', '2020-10-25 19:50:06', '$2y$10$92IXUNpkjO0rOQ5byMi.Ye4oKoEa3Ro9llC/.og/at2.uheWG/igi', 'dq8pfCcL5S', '2020-10-25 19:50:30', '2020-10-25 19:50:30'),
(444, 'Cletus Stanton', 'rtillman@example.org', '2020-10-25 19:50:06', '$2y$10$92IXUNpkjO0rOQ5byMi.Ye4oKoEa3Ro9llC/.og/at2.uheWG/igi', 'HR935YNEYe', '2020-10-25 19:50:30', '2020-10-25 19:50:30'),
(445, 'Dr. Wade Bruen', 'marty90@example.net', '2020-10-25 19:50:06', '$2y$10$92IXUNpkjO0rOQ5byMi.Ye4oKoEa3Ro9llC/.og/at2.uheWG/igi', 'IrJ92dHALO', '2020-10-25 19:50:30', '2020-10-25 19:50:30'),
(446, 'Maudie Rath MD', 'stamm.ola@example.com', '2020-10-25 19:50:06', '$2y$10$92IXUNpkjO0rOQ5byMi.Ye4oKoEa3Ro9llC/.og/at2.uheWG/igi', 'RZqYwjTFxq', '2020-10-25 19:50:30', '2020-10-25 19:50:30'),
(447, 'Sid Donnelly', 'wyman29@example.com', '2020-10-25 19:50:06', '$2y$10$92IXUNpkjO0rOQ5byMi.Ye4oKoEa3Ro9llC/.og/at2.uheWG/igi', 'PYLVKsB51J', '2020-10-25 19:50:30', '2020-10-25 19:50:30'),
(448, 'Mr. Cecil Waelchi', 'lturcotte@example.org', '2020-10-25 19:50:06', '$2y$10$92IXUNpkjO0rOQ5byMi.Ye4oKoEa3Ro9llC/.og/at2.uheWG/igi', 'j0Ddlc4012', '2020-10-25 19:50:30', '2020-10-25 19:50:30'),
(449, 'David Pollich III', 'bailey.esmeralda@example.net', '2020-10-25 19:50:06', '$2y$10$92IXUNpkjO0rOQ5byMi.Ye4oKoEa3Ro9llC/.og/at2.uheWG/igi', 'sr3XMyItpt', '2020-10-25 19:50:30', '2020-10-25 19:50:30'),
(450, 'Burley Kuphal', 'mertie.weimann@example.com', '2020-10-25 19:50:06', '$2y$10$92IXUNpkjO0rOQ5byMi.Ye4oKoEa3Ro9llC/.og/at2.uheWG/igi', 'pbpIsHsH2A', '2020-10-25 19:50:30', '2020-10-25 19:50:30'),
(451, 'Mariane Goldner', 'rickie98@example.com', '2020-10-25 19:50:06', '$2y$10$92IXUNpkjO0rOQ5byMi.Ye4oKoEa3Ro9llC/.og/at2.uheWG/igi', 'NZeSmZAPtv', '2020-10-25 19:50:30', '2020-10-25 19:50:30'),
(452, 'Lowell Ledner IV', 'senger.elliott@example.net', '2020-10-25 19:50:06', '$2y$10$92IXUNpkjO0rOQ5byMi.Ye4oKoEa3Ro9llC/.og/at2.uheWG/igi', 'yssioITUHn', '2020-10-25 19:50:31', '2020-10-25 19:50:31'),
(453, 'Dr. Michaela Vandervort', 'ernie89@example.com', '2020-10-25 19:50:06', '$2y$10$92IXUNpkjO0rOQ5byMi.Ye4oKoEa3Ro9llC/.og/at2.uheWG/igi', 'Cc53aTBTRs', '2020-10-25 19:50:31', '2020-10-25 19:50:31'),
(454, 'Tara Larson', 'amiya48@example.com', '2020-10-25 19:50:06', '$2y$10$92IXUNpkjO0rOQ5byMi.Ye4oKoEa3Ro9llC/.og/at2.uheWG/igi', 'zmtoCNSjwu', '2020-10-25 19:50:31', '2020-10-25 19:50:31'),
(455, 'Dr. Cleve Hagenes', 'hreinger@example.com', '2020-10-25 19:50:06', '$2y$10$92IXUNpkjO0rOQ5byMi.Ye4oKoEa3Ro9llC/.og/at2.uheWG/igi', 'fnlPHTyfWa', '2020-10-25 19:50:31', '2020-10-25 19:50:31'),
(456, 'Eldred Monahan', 'nadia.pouros@example.com', '2020-10-25 19:50:06', '$2y$10$92IXUNpkjO0rOQ5byMi.Ye4oKoEa3Ro9llC/.og/at2.uheWG/igi', 'vc2NzwnqYr', '2020-10-25 19:50:31', '2020-10-25 19:50:31'),
(457, 'Miller McGlynn', 'jerald61@example.com', '2020-10-25 19:50:06', '$2y$10$92IXUNpkjO0rOQ5byMi.Ye4oKoEa3Ro9llC/.og/at2.uheWG/igi', '4StNwwp4Pn', '2020-10-25 19:50:31', '2020-10-25 19:50:31'),
(458, 'Gladys Bins', 'hintz.arnulfo@example.net', '2020-10-25 19:50:06', '$2y$10$92IXUNpkjO0rOQ5byMi.Ye4oKoEa3Ro9llC/.og/at2.uheWG/igi', 'JdF4jQt4BS', '2020-10-25 19:50:31', '2020-10-25 19:50:31'),
(459, 'Vernice Stroman III', 'max.collier@example.com', '2020-10-25 19:50:06', '$2y$10$92IXUNpkjO0rOQ5byMi.Ye4oKoEa3Ro9llC/.og/at2.uheWG/igi', '1ehnDi3l7y', '2020-10-25 19:50:31', '2020-10-25 19:50:31'),
(460, 'Johnnie Casper', 'brooke.powlowski@example.net', '2020-10-25 19:50:06', '$2y$10$92IXUNpkjO0rOQ5byMi.Ye4oKoEa3Ro9llC/.og/at2.uheWG/igi', 'hcLsxaFVZS', '2020-10-25 19:50:32', '2020-10-25 19:50:32'),
(461, 'Yasmine Goodwin', 'schultz.shirley@example.org', '2020-10-25 19:50:06', '$2y$10$92IXUNpkjO0rOQ5byMi.Ye4oKoEa3Ro9llC/.og/at2.uheWG/igi', 'FfesDsdxr8', '2020-10-25 19:50:32', '2020-10-25 19:50:32'),
(462, 'Elza Reichel', 'rmohr@example.org', '2020-10-25 19:50:06', '$2y$10$92IXUNpkjO0rOQ5byMi.Ye4oKoEa3Ro9llC/.og/at2.uheWG/igi', 'QCo7tMb7P9', '2020-10-25 19:50:32', '2020-10-25 19:50:32'),
(463, 'Pinkie Gottlieb', 'hank.heidenreich@example.net', '2020-10-25 19:50:06', '$2y$10$92IXUNpkjO0rOQ5byMi.Ye4oKoEa3Ro9llC/.og/at2.uheWG/igi', 'pu7TTapiex', '2020-10-25 19:50:32', '2020-10-25 19:50:32'),
(464, 'Kali Lemke', 'pacocha.kenton@example.org', '2020-10-25 19:50:06', '$2y$10$92IXUNpkjO0rOQ5byMi.Ye4oKoEa3Ro9llC/.og/at2.uheWG/igi', '98MkrvGXF2', '2020-10-25 19:50:32', '2020-10-25 19:50:32'),
(465, 'Elenora Kuhic Sr.', 'buckridge.brandy@example.net', '2020-10-25 19:50:06', '$2y$10$92IXUNpkjO0rOQ5byMi.Ye4oKoEa3Ro9llC/.og/at2.uheWG/igi', 'ylUm2k08hr', '2020-10-25 19:50:32', '2020-10-25 19:50:32'),
(466, 'Mr. Bartholome Larson Jr.', 'skye27@example.org', '2020-10-25 19:50:06', '$2y$10$92IXUNpkjO0rOQ5byMi.Ye4oKoEa3Ro9llC/.og/at2.uheWG/igi', 'MozZFHFdVQ', '2020-10-25 19:50:32', '2020-10-25 19:50:32'),
(467, 'Mrs. Maritza Parker', 'barry.tillman@example.net', '2020-10-25 19:50:06', '$2y$10$92IXUNpkjO0rOQ5byMi.Ye4oKoEa3Ro9llC/.og/at2.uheWG/igi', '76ZHh49Lq8', '2020-10-25 19:50:32', '2020-10-25 19:50:32'),
(468, 'Meagan Walter PhD', 'chadrick.hammes@example.org', '2020-10-25 19:50:06', '$2y$10$92IXUNpkjO0rOQ5byMi.Ye4oKoEa3Ro9llC/.og/at2.uheWG/igi', '8SDQKbAc2N', '2020-10-25 19:50:32', '2020-10-25 19:50:32'),
(469, 'Mr. Coty Weissnat MD', 'reinhold09@example.net', '2020-10-25 19:50:06', '$2y$10$92IXUNpkjO0rOQ5byMi.Ye4oKoEa3Ro9llC/.og/at2.uheWG/igi', 'K7Y5TI7okB', '2020-10-25 19:50:32', '2020-10-25 19:50:32'),
(470, 'Madeline Parisian', 'whagenes@example.com', '2020-10-25 19:50:06', '$2y$10$92IXUNpkjO0rOQ5byMi.Ye4oKoEa3Ro9llC/.og/at2.uheWG/igi', 'VXTbZLi113', '2020-10-25 19:50:32', '2020-10-25 19:50:32'),
(471, 'Syble Schaefer', 'jarrett.schaden@example.org', '2020-10-25 19:50:06', '$2y$10$92IXUNpkjO0rOQ5byMi.Ye4oKoEa3Ro9llC/.og/at2.uheWG/igi', 'KDCm3nrtu4', '2020-10-25 19:50:32', '2020-10-25 19:50:32'),
(472, 'Prof. Ludwig Beatty', 'tamia.hodkiewicz@example.com', '2020-10-25 19:50:06', '$2y$10$92IXUNpkjO0rOQ5byMi.Ye4oKoEa3Ro9llC/.og/at2.uheWG/igi', '4ATEzrkAMI', '2020-10-25 19:50:33', '2020-10-25 19:50:33'),
(473, 'Lewis Hill', 'alize.wolff@example.com', '2020-10-25 19:50:06', '$2y$10$92IXUNpkjO0rOQ5byMi.Ye4oKoEa3Ro9llC/.og/at2.uheWG/igi', 'NNzjOCy1Zs', '2020-10-25 19:50:33', '2020-10-25 19:50:33'),
(474, 'Dr. Fermin Stokes', 'whalvorson@example.org', '2020-10-25 19:50:06', '$2y$10$92IXUNpkjO0rOQ5byMi.Ye4oKoEa3Ro9llC/.og/at2.uheWG/igi', 'hzXZePlexU', '2020-10-25 19:50:33', '2020-10-25 19:50:33'),
(475, 'Bernice Johnson PhD', 'clarabelle.kessler@example.com', '2020-10-25 19:50:06', '$2y$10$92IXUNpkjO0rOQ5byMi.Ye4oKoEa3Ro9llC/.og/at2.uheWG/igi', '442NhIJhl8', '2020-10-25 19:50:33', '2020-10-25 19:50:33'),
(476, 'Ciara Langosh', 'zhessel@example.com', '2020-10-25 19:50:06', '$2y$10$92IXUNpkjO0rOQ5byMi.Ye4oKoEa3Ro9llC/.og/at2.uheWG/igi', 'HiR1c6OpKp', '2020-10-25 19:50:33', '2020-10-25 19:50:33'),
(477, 'Brennan Simonis', 'ldare@example.com', '2020-10-25 19:50:06', '$2y$10$92IXUNpkjO0rOQ5byMi.Ye4oKoEa3Ro9llC/.og/at2.uheWG/igi', 'YIkFlGm5vr', '2020-10-25 19:50:33', '2020-10-25 19:50:33'),
(478, 'Adolph Mosciski PhD', 'tmoore@example.com', '2020-10-25 19:50:06', '$2y$10$92IXUNpkjO0rOQ5byMi.Ye4oKoEa3Ro9llC/.og/at2.uheWG/igi', '8qGwXdXr06', '2020-10-25 19:50:33', '2020-10-25 19:50:33'),
(479, 'Dr. Ethelyn Stamm', 'lynch.aditya@example.org', '2020-10-25 19:50:06', '$2y$10$92IXUNpkjO0rOQ5byMi.Ye4oKoEa3Ro9llC/.og/at2.uheWG/igi', 'GN5ewG96kn', '2020-10-25 19:50:33', '2020-10-25 19:50:33'),
(480, 'Jermaine Block', 'eblick@example.net', '2020-10-25 19:50:06', '$2y$10$92IXUNpkjO0rOQ5byMi.Ye4oKoEa3Ro9llC/.og/at2.uheWG/igi', 'Mk67U2jCt8', '2020-10-25 19:50:33', '2020-10-25 19:50:33'),
(481, 'Dr. Elfrieda Schmeler', 'bethel.anderson@example.org', '2020-10-25 19:50:06', '$2y$10$92IXUNpkjO0rOQ5byMi.Ye4oKoEa3Ro9llC/.og/at2.uheWG/igi', 'jaN2pVXmSQ', '2020-10-25 19:50:33', '2020-10-25 19:50:33'),
(482, 'Herminia Ledner', 'leonor.metz@example.org', '2020-10-25 19:50:06', '$2y$10$92IXUNpkjO0rOQ5byMi.Ye4oKoEa3Ro9llC/.og/at2.uheWG/igi', '8Hki9iVyHn', '2020-10-25 19:50:33', '2020-10-25 19:50:33'),
(483, 'Donnie Renner', 'marisa10@example.org', '2020-10-25 19:50:06', '$2y$10$92IXUNpkjO0rOQ5byMi.Ye4oKoEa3Ro9llC/.og/at2.uheWG/igi', 'nlkOoDfgmZ', '2020-10-25 19:50:33', '2020-10-25 19:50:33'),
(484, 'Prof. Tod Corkery I', 'catalina.labadie@example.com', '2020-10-25 19:50:06', '$2y$10$92IXUNpkjO0rOQ5byMi.Ye4oKoEa3Ro9llC/.og/at2.uheWG/igi', 'loLivl0er2', '2020-10-25 19:50:33', '2020-10-25 19:50:33'),
(485, 'Tia Wiza', 'deven.cummings@example.net', '2020-10-25 19:50:06', '$2y$10$92IXUNpkjO0rOQ5byMi.Ye4oKoEa3Ro9llC/.og/at2.uheWG/igi', 'rcOkJYDF0Q', '2020-10-25 19:50:33', '2020-10-25 19:50:33'),
(486, 'Donny Bogan', 'haley.lura@example.org', '2020-10-25 19:50:06', '$2y$10$92IXUNpkjO0rOQ5byMi.Ye4oKoEa3Ro9llC/.og/at2.uheWG/igi', 'vapXytQ9dd', '2020-10-25 19:50:34', '2020-10-25 19:50:34'),
(487, 'Abner Renner V', 'klein.emmy@example.com', '2020-10-25 19:50:06', '$2y$10$92IXUNpkjO0rOQ5byMi.Ye4oKoEa3Ro9llC/.og/at2.uheWG/igi', 'rkNIoOSA1F', '2020-10-25 19:50:34', '2020-10-25 19:50:34'),
(488, 'Dr. Lucius Purdy', 'kstamm@example.net', '2020-10-25 19:50:06', '$2y$10$92IXUNpkjO0rOQ5byMi.Ye4oKoEa3Ro9llC/.og/at2.uheWG/igi', 'BeL9KORSCH', '2020-10-25 19:50:34', '2020-10-25 19:50:34'),
(489, 'Lia Kuhn Sr.', 'slueilwitz@example.com', '2020-10-25 19:50:06', '$2y$10$92IXUNpkjO0rOQ5byMi.Ye4oKoEa3Ro9llC/.og/at2.uheWG/igi', 'xxh4lB3M1K', '2020-10-25 19:50:34', '2020-10-25 19:50:34'),
(490, 'Paris Hilpert DDS', 'kihn.maximilian@example.com', '2020-10-25 19:50:06', '$2y$10$92IXUNpkjO0rOQ5byMi.Ye4oKoEa3Ro9llC/.og/at2.uheWG/igi', 'uwujF5iLWX', '2020-10-25 19:50:34', '2020-10-25 19:50:34'),
(491, 'Maya Hahn', 'minnie66@example.net', '2020-10-25 19:50:06', '$2y$10$92IXUNpkjO0rOQ5byMi.Ye4oKoEa3Ro9llC/.og/at2.uheWG/igi', 'ohnLHc8VnO', '2020-10-25 19:50:34', '2020-10-25 19:50:34'),
(492, 'Clara Lemke', 'wuckert.amina@example.com', '2020-10-25 19:50:06', '$2y$10$92IXUNpkjO0rOQ5byMi.Ye4oKoEa3Ro9llC/.og/at2.uheWG/igi', 'dnUMN64hr5', '2020-10-25 19:50:34', '2020-10-25 19:50:34'),
(493, 'Frederick Howell', 'elian.beer@example.com', '2020-10-25 19:50:06', '$2y$10$92IXUNpkjO0rOQ5byMi.Ye4oKoEa3Ro9llC/.og/at2.uheWG/igi', 'cGzVXouSW3', '2020-10-25 19:50:34', '2020-10-25 19:50:34'),
(494, 'Juliana Kuhlman', 'rickey.rutherford@example.org', '2020-10-25 19:50:06', '$2y$10$92IXUNpkjO0rOQ5byMi.Ye4oKoEa3Ro9llC/.og/at2.uheWG/igi', 'kBaup4zOmg', '2020-10-25 19:50:34', '2020-10-25 19:50:34'),
(495, 'Christelle Hill', 'mluettgen@example.net', '2020-10-25 19:50:06', '$2y$10$92IXUNpkjO0rOQ5byMi.Ye4oKoEa3Ro9llC/.og/at2.uheWG/igi', 'R0gmYctHDq', '2020-10-25 19:50:34', '2020-10-25 19:50:34'),
(496, 'Bridie Rohan', 'vdonnelly@example.org', '2020-10-25 19:50:06', '$2y$10$92IXUNpkjO0rOQ5byMi.Ye4oKoEa3Ro9llC/.og/at2.uheWG/igi', '1jnq9fdCJx', '2020-10-25 19:50:34', '2020-10-25 19:50:34'),
(497, 'Prof. Garett Quitzon', 'treutel.darien@example.net', '2020-10-25 19:50:06', '$2y$10$92IXUNpkjO0rOQ5byMi.Ye4oKoEa3Ro9llC/.og/at2.uheWG/igi', 'XaYrp5wbTy', '2020-10-25 19:50:34', '2020-10-25 19:50:34'),
(498, 'Alphonso Collins', 'hcronin@example.net', '2020-10-25 19:50:06', '$2y$10$92IXUNpkjO0rOQ5byMi.Ye4oKoEa3Ro9llC/.og/at2.uheWG/igi', 'YggDqpJpJV', '2020-10-25 19:50:34', '2020-10-25 19:50:34'),
(499, 'Dr. Efren Pagac V', 'corene15@example.net', '2020-10-25 19:50:06', '$2y$10$92IXUNpkjO0rOQ5byMi.Ye4oKoEa3Ro9llC/.og/at2.uheWG/igi', 'G3qH9xxMsd', '2020-10-25 19:50:34', '2020-10-25 19:50:34'),
(500, 'Humberto Pagac', 'apagac@example.net', '2020-10-25 19:50:06', '$2y$10$92IXUNpkjO0rOQ5byMi.Ye4oKoEa3Ro9llC/.og/at2.uheWG/igi', 'WbmlA3Ppvp', '2020-10-25 19:50:34', '2020-10-25 19:50:34');

--
-- Indexes for dumped tables
--

--
-- Indeks untuk tabel `auths`
--
ALTER TABLE `auths`
  ADD PRIMARY KEY (`id_auth`);

--
-- Indeks untuk tabel `departments`
--
ALTER TABLE `departments`
  ADD PRIMARY KEY (`id_prodi`);

--
-- Indeks untuk tabel `failed_jobs`
--
ALTER TABLE `failed_jobs`
  ADD PRIMARY KEY (`id`);

--
-- Indeks untuk tabel `grades`
--
ALTER TABLE `grades`
  ADD PRIMARY KEY (`id_nilai`);

--
-- Indeks untuk tabel `groups`
--
ALTER TABLE `groups`
  ADD PRIMARY KEY (`id_grup`);

--
-- Indeks untuk tabel `guidances`
--
ALTER TABLE `guidances`
  ADD PRIMARY KEY (`id_bimbingan`);

--
-- Indeks untuk tabel `institutions`
--
ALTER TABLE `institutions`
  ADD PRIMARY KEY (`id_lppm`);

--
-- Indeks untuk tabel `lecturers`
--
ALTER TABLE `lecturers`
  ADD PRIMARY KEY (`nidn`);

--
-- Indeks untuk tabel `migrations`
--
ALTER TABLE `migrations`
  ADD PRIMARY KEY (`id`);

--
-- Indeks untuk tabel `notices`
--
ALTER TABLE `notices`
  ADD PRIMARY KEY (`id_pengumuman`);

--
-- Indeks untuk tabel `pascasidang`
--
ALTER TABLE `pascasidang`
  ADD PRIMARY KEY (`id_pcs`);

--
-- Indeks untuk tabel `password_resets`
--
ALTER TABLE `password_resets`
  ADD KEY `password_resets_email_index` (`email`);

--
-- Indeks untuk tabel `prasidang`
--
ALTER TABLE `prasidang`
  ADD PRIMARY KEY (`id_ps`);

--
-- Indeks untuk tabel `program_study`
--
ALTER TABLE `program_study`
  ADD PRIMARY KEY (`id_jurusan`);

--
-- Indeks untuk tabel `revisions`
--
ALTER TABLE `revisions`
  ADD PRIMARY KEY (`id_revisi`);

--
-- Indeks untuk tabel `schedule`
--
ALTER TABLE `schedule`
  ADD PRIMARY KEY (`id_jadwal`);

--
-- Indeks untuk tabel `students`
--
ALTER TABLE `students`
  ADD PRIMARY KEY (`nim`);

--
-- Indeks untuk tabel `submissions_proposal`
--
ALTER TABLE `submissions_proposal`
  ADD PRIMARY KEY (`id_pp`);

--
-- Indeks untuk tabel `users`
--
ALTER TABLE `users`
  ADD PRIMARY KEY (`id`),
  ADD UNIQUE KEY `users_email_unique` (`email`);

--
-- AUTO_INCREMENT untuk tabel yang dibuang
--

--
-- AUTO_INCREMENT untuk tabel `departments`
--
ALTER TABLE `departments`
  MODIFY `id_prodi` bigint(20) UNSIGNED NOT NULL AUTO_INCREMENT, AUTO_INCREMENT=25;

--
-- AUTO_INCREMENT untuk tabel `failed_jobs`
--
ALTER TABLE `failed_jobs`
  MODIFY `id` bigint(20) UNSIGNED NOT NULL AUTO_INCREMENT;

--
-- AUTO_INCREMENT untuk tabel `groups`
--
ALTER TABLE `groups`
  MODIFY `id_grup` bigint(20) NOT NULL AUTO_INCREMENT, AUTO_INCREMENT=25;

--
-- AUTO_INCREMENT untuk tabel `institutions`
--
ALTER TABLE `institutions`
  MODIFY `id_lppm` bigint(20) UNSIGNED NOT NULL AUTO_INCREMENT, AUTO_INCREMENT=10;

--
-- AUTO_INCREMENT untuk tabel `migrations`
--
ALTER TABLE `migrations`
  MODIFY `id` int(10) UNSIGNED NOT NULL AUTO_INCREMENT, AUTO_INCREMENT=19;

--
-- AUTO_INCREMENT untuk tabel `notices`
--
ALTER TABLE `notices`
  MODIFY `id_pengumuman` bigint(20) UNSIGNED NOT NULL AUTO_INCREMENT, AUTO_INCREMENT=2;

--
-- AUTO_INCREMENT untuk tabel `users`
--
ALTER TABLE `users`
  MODIFY `id` bigint(20) UNSIGNED NOT NULL AUTO_INCREMENT, AUTO_INCREMENT=501;
COMMIT;

/*!40101 SET CHARACTER_SET_CLIENT=@OLD_CHARACTER_SET_CLIENT */;
/*!40101 SET CHARACTER_SET_RESULTS=@OLD_CHARACTER_SET_RESULTS */;
/*!40101 SET COLLATION_CONNECTION=@OLD_COLLATION_CONNECTION */;
